,team,half,min,x_start,y_start,outcome,x_end,y_end,game_num
0,Croatia,1,0,76.2,72.8,Miss,100,60.1,f24-4-2013-731767-eventdetails.xml
1,Croatia,1,6,91.3,57.5,Miss,100,58.3,f24-4-2013-731767-eventdetails.xml
2,Croatia,1,10,90.9,57.3,Miss,100,35.9,f24-4-2013-731767-eventdetails.xml
3,Brazil,1,21,94.9,73.6,Miss,100,59.9,f24-4-2013-731767-eventdetails.xml
4,Brazil,1,44,90.7,28.9,Miss,100,65.3,f24-4-2013-731767-eventdetails.xml
5,Croatia,2,55,75.2,38.2,Miss,100,64.9,f24-4-2013-731767-eventdetails.xml
6,Brazil,2,66,71.9,52.6,Miss,100,47.6,f24-4-2013-731767-eventdetails.xml
7,Croatia,2,72,91.0,60.4,Miss,100,69.3,f24-4-2013-731767-eventdetails.xml
8,Brazil,2,76,95.4,52.4,Miss,100,63.0,f24-4-2013-731767-eventdetails.xml
9,Croatia,2,87,87.5,57.5,Miss,100,65.3,f24-4-2013-731767-eventdetails.xml
10,Croatia,2,94,72.5,59.6,Miss,100,51.2,f24-4-2013-731767-eventdetails.xml
11,Spain,1,9,75.8,65.8,Miss,100,46.7,f24-4-2013-731769-eventdetails.xml
12,Spain,1,17,88.3,28.3,Miss,100,37.3,f24-4-2013-731769-eventdetails.xml
13,Spain,1,22,91.3,47.2,Miss,100,9.0,f24-4-2013-731769-eventdetails.xml
14,Spain,2,75,73.2,59.0,Miss,100,56.6,f24-4-2013-731769-eventdetails.xml
15,Netherlands,2,90,89.5,56.7,Miss,100,42.5,f24-4-2013-731769-eventdetails.xml
16,Costa Rica,1,11,91.5,49.5,Miss,100,51.4,f24-4-2013-731773-eventdetails.xml
17,Uruguay,1,15,91.3,36.9,Miss,100,37.5,f24-4-2013-731773-eventdetails.xml
18,Uruguay,1,25,91.0,72.6,Miss,100,45.5,f24-4-2013-731773-eventdetails.xml
19,Costa Rica,1,26,68.4,36.6,Miss,100,43.1,f24-4-2013-731773-eventdetails.xml
20,Uruguay,1,39,79.3,55.0,Miss,100,36.1,f24-4-2013-731773-eventdetails.xml
21,Costa Rica,1,46,87.6,42.1,Miss,100,38.9,f24-4-2013-731773-eventdetails.xml
22,Costa Rica,2,49,96.9,58.8,Miss,100,0.2,f24-4-2013-731773-eventdetails.xml
23,Uruguay,2,51,75.4,65.5,Miss,100,34.7,f24-4-2013-731773-eventdetails.xml
24,Costa Rica,2,63,71.4,45.4,Miss,100,56.6,f24-4-2013-731773-eventdetails.xml
25,Costa Rica,2,65,90.1,43.4,Miss,100,64.9,f24-4-2013-731773-eventdetails.xml
26,Costa Rica,2,68,73.5,31.4,Miss,100,51.0,f24-4-2013-731773-eventdetails.xml
27,Costa Rica,2,76,90.7,42.7,Miss,100,75.9,f24-4-2013-731773-eventdetails.xml
28,England,1,3,75.4,30.7,Miss,100,44.1,f24-4-2013-731774-eventdetails.xml
29,Italy,1,7,88.3,70.8,Miss,100,24.1,f24-4-2013-731774-eventdetails.xml
30,England,1,10,73.5,46.2,Miss,100,59.4,f24-4-2013-731774-eventdetails.xml
31,England,1,15,77.4,27.0,Miss,100,39.2,f24-4-2013-731774-eventdetails.xml
32,Italy,1,22,73.5,52.8,Miss,100,43.8,f24-4-2013-731774-eventdetails.xml
33,Italy,1,27,76.2,23.7,Miss,100,71.5,f24-4-2013-731774-eventdetails.xml
34,Italy,1,32,93.7,43.9,Miss,100,99.8,f24-4-2013-731774-eventdetails.xml
35,Italy,1,44,75.1,35.7,Miss,100,54.7,f24-4-2013-731774-eventdetails.xml
36,England,2,53,80.3,30.4,Miss,100,60.1,f24-4-2013-731774-eventdetails.xml
37,England,2,60,76.1,52.1,Miss,100,43.1,f24-4-2013-731774-eventdetails.xml
38,England,2,61,87.9,62.7,Miss,100,56.2,f24-4-2013-731774-eventdetails.xml
39,Italy,2,67,78.4,24.2,Miss,100,43.1,f24-4-2013-731774-eventdetails.xml
40,England,2,71,75.5,30.3,Miss,100,61.8,f24-4-2013-731774-eventdetails.xml
41,England,2,84,80.4,70.8,Miss,100,51.7,f24-4-2013-731774-eventdetails.xml
42,England,2,86,79.3,57.1,Miss,100,42.5,f24-4-2013-731774-eventdetails.xml
43,England,2,88,82.2,33.6,Miss,100,62.8,f24-4-2013-731774-eventdetails.xml
44,England,2,89,77.1,33.6,Miss,100,30.4,f24-4-2013-731774-eventdetails.xml
45,Argentina,1,2,92.5,52.2,Miss,100,39.4,f24-4-2013-731777-eventdetails.xml
46,Argentina,1,30,74.1,37.7,Miss,100,50,f24-4-2013-731777-eventdetails.xml
47,Bosnia and Herzegovina,1,32,78.8,55.1,Miss,100,54.2,f24-4-2013-731777-eventdetails.xml
48,Bosnia and Herzegovina,1,42,71.7,64.5,Miss,100,32.1,f24-4-2013-731777-eventdetails.xml
49,Argentina,2,54,87.9,66.6,Miss,100,40.6,f24-4-2013-731777-eventdetails.xml
50,Bosnia and Herzegovina,2,60,68.5,57.6,Miss,100,40.8,f24-4-2013-731777-eventdetails.xml
51,Argentina,2,63,72.1,52.1,Miss,100,53.1,f24-4-2013-731777-eventdetails.xml
52,Bosnia and Herzegovina,2,68,80.8,30.3,Miss,100,40.6,f24-4-2013-731777-eventdetails.xml
53,Argentina,2,75,78.9,29.8,Miss,100,41.0,f24-4-2013-731777-eventdetails.xml
54,Argentina,2,77,90.9,51.1,Miss,100,48.3,f24-4-2013-731777-eventdetails.xml
55,Bosnia and Herzegovina,2,86,76.1,67.8,Miss,100,59.2,f24-4-2013-731777-eventdetails.xml
56,Argentina,2,91,95.0,34.5,Miss,100,43.6,f24-4-2013-731777-eventdetails.xml
57,Portugal,1,5,71.9,72.8,Miss,100,47.4,f24-4-2013-731779-eventdetails.xml
58,Germany,1,7,72.1,32.2,Miss,100,56.8,f24-4-2013-731779-eventdetails.xml
59,Portugal,1,24,81.9,27.7,Miss,100,53.1,f24-4-2013-731779-eventdetails.xml
60,Portugal,1,35,92.2,53.4,Miss,100,52.1,f24-4-2013-731779-eventdetails.xml
61,Germany,1,39,87.3,66.8,Miss,100,54.2,f24-4-2013-731779-eventdetails.xml
62,Germany,2,50,93.5,57.5,Miss,100,51.2,f24-4-2013-731779-eventdetails.xml
63,Algeria,1,17,91.6,72.1,Miss,100,60.2,f24-4-2013-731781-eventdetails.xml
64,Belgium,1,26,74.1,70.9,Miss,100,60.1,f24-4-2013-731781-eventdetails.xml
65,Belgium,1,29,72.3,77.2,Miss,100,41.3,f24-4-2013-731781-eventdetails.xml
66,Belgium,1,38,76.7,37.6,Miss,100,53.1,f24-4-2013-731781-eventdetails.xml
67,Belgium,1,41,67.1,54.8,Miss,100,39.8,f24-4-2013-731781-eventdetails.xml
68,Belgium,2,49,96.2,41.7,Miss,100,49.5,f24-4-2013-731781-eventdetails.xml
69,Algeria,2,56,93.2,56.3,Miss,100,39.9,f24-4-2013-731781-eventdetails.xml
70,Belgium,2,65,83.5,67.8,Miss,100,59.5,f24-4-2013-731781-eventdetails.xml
71,Belgium,2,72,89.9,56.1,Miss,100,46.0,f24-4-2013-731781-eventdetails.xml
72,Brazil,1,17,71.1,23.7,Miss,100,80.6,f24-4-2013-731783-eventdetails.xml
73,Mexico,1,23,79.5,24.4,Miss,100,46.5,f24-4-2013-731783-eventdetails.xml
74,Mexico,1,25,66.8,71.2,Miss,100,50.3,f24-4-2013-731783-eventdetails.xml
75,Mexico,1,36,76.8,75.6,Miss,100,51.9,f24-4-2013-731783-eventdetails.xml
76,Brazil,1,38,72.6,69.9,Miss,100,39.6,f24-4-2013-731783-eventdetails.xml
77,Mexico,1,40,74.1,52.7,Miss,100,43.4,f24-4-2013-731783-eventdetails.xml
78,Brazil,2,48,78.1,71.1,Miss,100,36.8,f24-4-2013-731783-eventdetails.xml
79,Mexico,2,54,70.4,53.0,Miss,100,54.9,f24-4-2013-731783-eventdetails.xml
80,Mexico,2,56,79.6,31.0,Miss,100,48.8,f24-4-2013-731783-eventdetails.xml
81,Mexico,2,59,73.3,65.2,Miss,100,40.3,f24-4-2013-731783-eventdetails.xml
82,Brazil,2,62,71.9,69.0,Miss,100,56.9,f24-4-2013-731783-eventdetails.xml
83,Brazil,2,75,90.0,71.8,Miss,100,33.5,f24-4-2013-731783-eventdetails.xml
84,Mexico,2,77,88.8,47.0,Miss,100,63.9,f24-4-2013-731783-eventdetails.xml
85,Brazil,2,85,91.3,38.0,Miss,100,60.9,f24-4-2013-731783-eventdetails.xml
86,Mexico,2,89,85.2,16.7,Miss,100,53.3,f24-4-2013-731783-eventdetails.xml
87,Chile,1,1,88.0,47.8,Miss,100,57.8,f24-4-2013-731785-eventdetails.xml
88,Spain,1,22,84.3,46.6,Miss,100,52.1,f24-4-2013-731785-eventdetails.xml
89,Spain,1,26,90.6,60.8,Miss,100,55.9,f24-4-2013-731785-eventdetails.xml
90,Spain,2,48,73.2,61.4,Miss,100,41.3,f24-4-2013-731785-eventdetails.xml
91,Spain,2,52,96.1,55.4,Miss,100,57.8,f24-4-2013-731785-eventdetails.xml
92,Chile,2,67,87.9,68.8,Miss,100,28.0,f24-4-2013-731785-eventdetails.xml
93,Chile,2,67,97.2,39.2,Miss,100,50,f24-4-2013-731785-eventdetails.xml
94,Chile,2,70,90.5,55.5,Miss,100,71.4,f24-4-2013-731785-eventdetails.xml
95,Spain,2,88,87.7,46.6,Miss,100,47.2,f24-4-2013-731785-eventdetails.xml
96,Spain,2,91,80.3,70.9,Miss,100,66.7,f24-4-2013-731785-eventdetails.xml
97,Netherlands,1,24,95.6,57.9,Miss,100,43.6,f24-4-2013-731786-eventdetails.xml
98,Australia,1,30,86.7,61.8,Miss,100,46.9,f24-4-2013-731786-eventdetails.xml
99,Netherlands,2,49,79.1,68.5,Miss,100,55.9,f24-4-2013-731786-eventdetails.xml
100,Australia,2,62,92.2,39.2,Miss,100,31.4,f24-4-2013-731786-eventdetails.xml
101,England,1,9,78.9,59.6,Miss,100,56.2,f24-4-2013-731789-eventdetails.xml
102,Uruguay,1,14,88.2,73.2,Miss,100,46.4,f24-4-2013-731789-eventdetails.xml
103,Uruguay,1,26,90.4,38.5,Miss,100,43.6,f24-4-2013-731789-eventdetails.xml
104,England,1,35,70.1,26.8,Miss,100,34.4,f24-4-2013-731789-eventdetails.xml
105,Uruguay,2,50,84.0,28.2,Miss,100,88.0,f24-4-2013-731789-eventdetails.xml
106,Uruguay,2,51,92.9,64.3,Miss,100,32.8,f24-4-2013-731789-eventdetails.xml
107,Uruguay,2,68,73.4,4.2,Miss,100,53.3,f24-4-2013-731789-eventdetails.xml
108,England,2,92,74.1,43.4,Miss,100,62.8,f24-4-2013-731789-eventdetails.xml
109,England,2,94,91.5,53.1,Miss,100,68.1,f24-4-2013-731789-eventdetails.xml
110,Costa Rica,1,6,96.4,49.7,Miss,100,45.5,f24-4-2013-731790-eventdetails.xml
111,Italy,1,26,76.6,54.0,Miss,100,60.8,f24-4-2013-731790-eventdetails.xml
112,Italy,1,30,90.3,44.2,Miss,100,67.9,f24-4-2013-731790-eventdetails.xml
113,Costa Rica,1,41,91.3,43.9,Miss,100,52.6,f24-4-2013-731790-eventdetails.xml
114,Costa Rica,2,49,96.8,33.4,Miss,100,36.5,f24-4-2013-731790-eventdetails.xml
115,Italy,2,81,81.6,50.3,Miss,100,53.5,f24-4-2013-731790-eventdetails.xml
116,Italy,2,89,93.7,52.2,Miss,100,61.5,f24-4-2013-731790-eventdetails.xml
117,Costa Rica,2,91,75.5,62.7,Miss,100,43.2,f24-4-2013-731790-eventdetails.xml
118,Iran,1,3,86.2,52.8,Miss,100,36.5,f24-4-2013-731793-eventdetails.xml
119,Argentina,1,18,78.1,53.6,Miss,100,52.1,f24-4-2013-731793-eventdetails.xml
120,Argentina,1,23,92.3,47.6,Miss,100,41.5,f24-4-2013-731793-eventdetails.xml
121,Argentina,1,26,92.1,55.2,Miss,100,61.3,f24-4-2013-731793-eventdetails.xml
122,Argentina,1,32,76.5,54.0,Miss,100,46.7,f24-4-2013-731793-eventdetails.xml
123,Argentina,1,35,95.9,44.5,Miss,100,46.4,f24-4-2013-731793-eventdetails.xml
124,Iran,1,41,95.5,44.6,Miss,100,47.4,f24-4-2013-731793-eventdetails.xml
125,Argentina,1,44,93.1,46.4,Miss,100,40.6,f24-4-2013-731793-eventdetails.xml
126,Iran,1,46,75.3,61.1,Miss,100,60.2,f24-4-2013-731793-eventdetails.xml
127,Argentina,2,49,86.9,26.5,Miss,100,58.7,f24-4-2013-731793-eventdetails.xml
128,Argentina,2,51,93.6,54.4,Miss,100,0.3,f24-4-2013-731793-eventdetails.xml
129,Argentina,2,55,93.0,48.2,Miss,100,36.3,f24-4-2013-731793-eventdetails.xml
130,Argentina,2,59,80.8,51.5,Miss,100,56.6,f24-4-2013-731793-eventdetails.xml
131,Argentina,2,73,79.7,73.6,Miss,100,56.6,f24-4-2013-731793-eventdetails.xml
132,Argentina,2,81,73.4,19.8,Miss,100,60.1,f24-4-2013-731793-eventdetails.xml
133,Argentina,2,83,95.1,67.9,Miss,100,56.8,f24-4-2013-731793-eventdetails.xml
134,Argentina,2,85,91.2,49.5,Miss,100,29.7,f24-4-2013-731793-eventdetails.xml
135,Ghana,1,6,91.8,49.6,Miss,100,41.3,f24-4-2013-731795-eventdetails.xml
136,Ghana,1,19,74.9,63.1,Miss,100,65.5,f24-4-2013-731795-eventdetails.xml
137,Germany,1,25,69.7,53.0,Miss,100,56.9,f24-4-2013-731795-eventdetails.xml
138,Ghana,1,45,83.9,53.6,Miss,100,35.2,f24-4-2013-731795-eventdetails.xml
139,Germany,1,46,76.7,42.7,Miss,100,68.1,f24-4-2013-731795-eventdetails.xml
140,Ghana,2,57,70.4,41.5,Miss,100,65.5,f24-4-2013-731795-eventdetails.xml
141,Ghana,2,68,72.3,56.4,Miss,100,63.7,f24-4-2013-731795-eventdetails.xml
142,Germany,2,72,92.5,52.8,Miss,100,52.6,f24-4-2013-731795-eventdetails.xml
143,Germany,2,76,74.3,37.3,Miss,100,53.3,f24-4-2013-731795-eventdetails.xml
144,Ghana,2,77,86.7,31.0,Miss,100,65.5,f24-4-2013-731795-eventdetails.xml
145,Ghana,2,78,76.5,29.8,Miss,100,66.5,f24-4-2013-731795-eventdetails.xml
146,Ghana,2,88,81.9,33.4,Miss,100,61.1,f24-4-2013-731795-eventdetails.xml
147,Germany,2,89,84.3,51.8,Miss,100,58.5,f24-4-2013-731795-eventdetails.xml
148,Algeria,1,1,89.3,68.1,Miss,100,67.0,f24-4-2013-731798-eventdetails.xml
149,Algeria,1,3,89.6,51.3,Miss,100,51.7,f24-4-2013-731798-eventdetails.xml
150,Algeria,1,8,92.2,58.2,Miss,100,56.1,f24-4-2013-731798-eventdetails.xml
151,Algeria,1,18,73.4,63.7,Miss,100,61.1,f24-4-2013-731798-eventdetails.xml
152,Algeria,1,20,92.3,50.3,Miss,100,38.7,f24-4-2013-731798-eventdetails.xml
153,Algeria,1,21,85.6,29.7,Miss,100,47.7,f24-4-2013-731798-eventdetails.xml
154,Algeria,1,42,90.5,46.6,Miss,100,37.5,f24-4-2013-731798-eventdetails.xml
155,South Korea,2,73,91.7,53.0,Miss,100,51.4,f24-4-2013-731798-eventdetails.xml
156,Algeria,2,78,93.7,48.2,Miss,100,51.2,f24-4-2013-731798-eventdetails.xml
157,South Korea,2,84,90.7,34.6,Miss,100,48.4,f24-4-2013-731798-eventdetails.xml
158,South Korea,2,87,84.5,68.4,Miss,100,39.8,f24-4-2013-731798-eventdetails.xml
159,Cameroon,1,24,73.1,40.3,Miss,100,83.3,f24-4-2013-731799-eventdetails.xml
160,Cameroon,1,32,90.1,52.1,Miss,100,62.2,f24-4-2013-731799-eventdetails.xml
161,Cameroon,1,36,67.2,51.8,Miss,100,49.3,f24-4-2013-731799-eventdetails.xml
162,Cameroon,1,38,80.0,76.3,Miss,100,57.1,f24-4-2013-731799-eventdetails.xml
163,Cameroon,2,64,84.6,26.2,Miss,100,67.7,f24-4-2013-731799-eventdetails.xml
164,Cameroon,2,86,70.1,33.4,Miss,100,49.7,f24-4-2013-731799-eventdetails.xml
165,Cameroon,2,92,73.3,36.3,Miss,100,69.6,f24-4-2013-731799-eventdetails.xml
166,Australia,1,4,71.5,47.0,Miss,100,60.8,f24-4-2013-731801-eventdetails.xml
167,Australia,2,58,81.5,48.5,Miss,100,50.9,f24-4-2013-731801-eventdetails.xml
168,Australia,2,71,72.0,52.4,Miss,100,48.4,f24-4-2013-731801-eventdetails.xml
169,Australia,2,86,76.4,27.7,Miss,100,25.3,f24-4-2013-731801-eventdetails.xml
170,Spain,2,88,82.0,50.9,Miss,100,57.8,f24-4-2013-731801-eventdetails.xml
171,Spain,2,92,72.8,44.0,Miss,100,40.5,f24-4-2013-731801-eventdetails.xml
172,Chile,1,12,88.6,60.7,Miss,100,60.9,f24-4-2013-731802-eventdetails.xml
173,Chile,1,22,85.8,52.8,Miss,100,61.6,f24-4-2013-731802-eventdetails.xml
174,Netherlands,1,22,76.6,35.9,Miss,100,21.5,f24-4-2013-731802-eventdetails.xml
175,Netherlands,1,25,74.4,76.9,Miss,100,56.8,f24-4-2013-731802-eventdetails.xml
176,Netherlands,1,34,95.4,54.2,Miss,100,60.2,f24-4-2013-731802-eventdetails.xml
177,Netherlands,1,39,87.5,60.2,Miss,100,41.7,f24-4-2013-731802-eventdetails.xml
178,Netherlands,1,41,76.4,36.7,Miss,100,34.4,f24-4-2013-731802-eventdetails.xml
179,Chile,1,43,91.0,49.7,Miss,100,42.5,f24-4-2013-731802-eventdetails.xml
180,Chile,2,55,72.2,41.0,Miss,100,53.6,f24-4-2013-731802-eventdetails.xml
181,Netherlands,2,74,92.3,49.9,Miss,100,64.1,f24-4-2013-731802-eventdetails.xml
182,Chile,2,80,80.3,49.9,Miss,100,31.1,f24-4-2013-731802-eventdetails.xml
183,Chile,2,88,92.0,52.8,Miss,100,62.2,f24-4-2013-731802-eventdetails.xml
184,Costa Rica,1,1,75.8,76.1,Miss,100,43.4,f24-4-2013-731806-eventdetails.xml
185,England,1,11,78.6,55.7,Miss,100,43.8,f24-4-2013-731806-eventdetails.xml
186,England,1,17,73.8,40.4,Miss,100,39.4,f24-4-2013-731806-eventdetails.xml
187,England,1,34,94.6,51.8,Miss,100,51.0,f24-4-2013-731806-eventdetails.xml
188,England,1,41,86.6,66.8,Miss,100,61.5,f24-4-2013-731806-eventdetails.xml
189,England,2,64,92.4,33.3,Miss,100,57.5,f24-4-2013-731806-eventdetails.xml
190,Argentina,1,8,94.6,65.5,Miss,100,56.2,f24-4-2013-731809-eventdetails.xml
191,Nigeria,1,26,74.4,32.4,Miss,100,53.8,f24-4-2013-731809-eventdetails.xml
192,Argentina,1,30,95.5,57.6,Miss,100,58.9,f24-4-2013-731809-eventdetails.xml
193,Argentina,2,58,89.5,55.3,Miss,100,57.3,f24-4-2013-731809-eventdetails.xml
194,Nigeria,2,73,84.7,48.1,Miss,100,46.7,f24-4-2013-731809-eventdetails.xml
195,Argentina,2,79,89.8,42.7,Miss,100,43.4,f24-4-2013-731809-eventdetails.xml
196,Nigeria,2,83,78.4,27.3,Miss,100,61.1,f24-4-2013-731809-eventdetails.xml
197,Germany,1,1,84.8,64.1,Miss,100,33.7,f24-4-2013-731811-eventdetails.xml
198,USA,1,18,79.6,72.7,Miss,100,60.1,f24-4-2013-731811-eventdetails.xml
199,USA,1,21,80.6,72.6,Miss,100,47.9,f24-4-2013-731811-eventdetails.xml
200,Germany,1,35,92.0,52.8,Miss,100,46.0,f24-4-2013-731811-eventdetails.xml
201,Germany,2,46,73.2,47.6,Miss,100,29.3,f24-4-2013-731811-eventdetails.xml
202,Germany,2,46,95.3,51.3,Miss,100,50.5,f24-4-2013-731811-eventdetails.xml
203,Germany,2,51,93.2,45.2,Miss,100,40.8,f24-4-2013-731811-eventdetails.xml
204,USA,2,92,96.7,43.7,Miss,100,43.2,f24-4-2013-731811-eventdetails.xml
205,Algeria,1,7,75.2,71.3,Miss,100,40.5,f24-4-2013-731814-eventdetails.xml
206,Russia,1,18,93.4,28.3,Miss,100,69.8,f24-4-2013-731814-eventdetails.xml
207,Russia,1,23,84.4,66.0,Miss,100,37.7,f24-4-2013-731814-eventdetails.xml
208,Russia,1,25,70.5,50.3,Miss,100,43.9,f24-4-2013-731814-eventdetails.xml
209,Algeria,1,44,86.2,53.8,Miss,100,49.8,f24-4-2013-731814-eventdetails.xml
210,Russia,2,50,77.0,40.4,Miss,100,70.7,f24-4-2013-731814-eventdetails.xml
211,Brazil,1,5,75.5,60.2,Miss,100,57.6,f24-4-2013-731815-eventdetails.xml
212,Chile,1,5,71.7,50.3,Miss,100,42.5,f24-4-2013-731815-eventdetails.xml
213,Brazil,1,25,86.4,63.3,Miss,100,33.2,f24-4-2013-731815-eventdetails.xml
214,Brazil,1,38,91.2,50.1,Miss,100,55.6,f24-4-2013-731815-eventdetails.xml
215,Brazil,1,43,73.3,63.4,Miss,100,39.2,f24-4-2013-731815-eventdetails.xml
216,Brazil,1,44,91.8,50.6,Miss,100,99.0,f24-4-2013-731815-eventdetails.xml
217,Chile,1,46,73.4,53.7,Miss,100,38.4,f24-4-2013-731815-eventdetails.xml
218,Brazil,2,48,73.2,44.3,Miss,100,59.7,f24-4-2013-731815-eventdetails.xml
219,Brazil,2,73,94.7,46.1,Miss,100,37.0,f24-4-2013-731815-eventdetails.xml
220,Brazil,2,75,75.8,78.1,Miss,100,25.5,f24-4-2013-731815-eventdetails.xml
221,Chile,2,91,68.2,36.3,Miss,100,97.0,f24-4-2013-731815-eventdetails.xml
222,Chile,3,94,63.4,32.7,Miss,100,60.4,f24-4-2013-731815-eventdetails.xml
223,Chile,3,106,69.9,62.3,Miss,100,39.9,f24-4-2013-731815-eventdetails.xml
224,Brazil,4,106,95.0,55.5,Miss,100,52.6,f24-4-2013-731815-eventdetails.xml
225,Chile,4,110,73.5,71.7,Miss,100,29.9,f24-4-2013-731815-eventdetails.xml
226,Brazil,4,111,71.5,36.6,Miss,100,42.7,f24-4-2013-731815-eventdetails.xml
227,Chile,4,112,72.1,34.8,Miss,100,36.8,f24-4-2013-731815-eventdetails.xml
228,Brazil,4,118,69.0,24.9,Miss,100,71.9,f24-4-2013-731815-eventdetails.xml
229,Brazil,4,120,77.9,64.2,Miss,100,56.8,f24-4-2013-731815-eventdetails.xml
230,Brazil,5,122,88.5,50.0,Miss,100,57.1,f24-4-2013-731815-eventdetails.xml
231,Mexico,1,1,70.6,77.0,Miss,100,45.3,f24-4-2013-731817-eventdetails.xml
232,Mexico,1,4,72.6,72.1,Miss,100,58.9,f24-4-2013-731817-eventdetails.xml
233,Mexico,1,16,85.7,48.8,Miss,100,56.8,f24-4-2013-731817-eventdetails.xml
234,Netherlands,1,26,93.0,34.7,Miss,100,39.6,f24-4-2013-731817-eventdetails.xml
235,Mexico,2,50,91.0,41.2,Miss,100,50.3,f24-4-2013-731817-eventdetails.xml
236,Netherlands,2,53,72.2,47.2,Miss,100,37.8,f24-4-2013-731817-eventdetails.xml
237,Netherlands,2,64,69.4,46.2,Miss,100,60.1,f24-4-2013-731817-eventdetails.xml
238,Netherlands,2,71,76.9,62.0,Miss,100,44.8,f24-4-2013-731817-eventdetails.xml
239,Netherlands,2,74,92.5,49.3,Miss,100,49.5,f24-4-2013-731817-eventdetails.xml
240,Mexico,2,78,80.9,34.7,Miss,100,39.4,f24-4-2013-731817-eventdetails.xml
241,Greece,1,1,75.3,50.6,Miss,100,39.1,f24-4-2013-731818-eventdetails.xml
242,Costa Rica,1,4,79.1,26.5,Miss,100,65.6,f24-4-2013-731818-eventdetails.xml
243,Costa Rica,1,7,86.6,69.7,Miss,100,48.3,f24-4-2013-731818-eventdetails.xml
244,Greece,1,11,77.5,64.5,Miss,100,59.5,f24-4-2013-731818-eventdetails.xml
245,Greece,1,14,93.2,49.6,Miss,100,29.5,f24-4-2013-731818-eventdetails.xml
246,Costa Rica,1,22,92.9,47.8,Miss,100,99.5,f24-4-2013-731818-eventdetails.xml
247,Greece,2,66,86.5,47.2,Miss,100,37.8,f24-4-2013-731818-eventdetails.xml
248,Greece,2,68,86.6,44.0,Miss,100,36.8,f24-4-2013-731818-eventdetails.xml
249,Greece,2,79,72.8,50.1,Miss,100,54.9,f24-4-2013-731818-eventdetails.xml
250,Greece,2,81,90.7,47.3,Miss,100,42.4,f24-4-2013-731818-eventdetails.xml
251,Greece,3,92,83.8,32.4,Miss,100,32.3,f24-4-2013-731818-eventdetails.xml
252,Greece,3,94,92.1,49.6,Miss,100,41.0,f24-4-2013-731818-eventdetails.xml
253,Costa Rica,4,105,86.0,29.5,Miss,100,45.1,f24-4-2013-731818-eventdetails.xml
254,Costa Rica,4,109,86.9,69.7,Miss,100,35.9,f24-4-2013-731818-eventdetails.xml
255,Greece,4,112,76.3,51.9,Miss,100,38.5,f24-4-2013-731818-eventdetails.xml
256,Greece,4,118,80.1,61.7,Miss,100,36.8,f24-4-2013-731818-eventdetails.xml
257,Algeria,1,17,93.7,68.6,Miss,100,37.8,f24-4-2013-731820-eventdetails.xml
258,Germany,1,22,89.5,53.9,Miss,100,64.4,f24-4-2013-731820-eventdetails.xml
259,Algeria,1,32,76.4,68.8,Miss,100,55.2,f24-4-2013-731820-eventdetails.xml
260,Germany,1,34,86.6,52.0,Miss,100,61.3,f24-4-2013-731820-eventdetails.xml
261,Germany,1,42,70.2,48.7,Miss,100,58.7,f24-4-2013-731820-eventdetails.xml
262,Germany,2,50,87.5,69.0,Miss,100,3.3,f24-4-2013-731820-eventdetails.xml
263,Germany,2,59,75.2,19.5,Miss,100,65.6,f24-4-2013-731820-eventdetails.xml
264,Algeria,2,73,81.6,20.7,Miss,100,59.7,f24-4-2013-731820-eventdetails.xml
265,Germany,2,78,93.2,38.9,Miss,100,87.7,f24-4-2013-731820-eventdetails.xml
266,Germany,2,80,91.0,47.3,Miss,100,42.2,f24-4-2013-731820-eventdetails.xml
267,Germany,2,81,90.2,36.4,Miss,100,42.0,f24-4-2013-731820-eventdetails.xml
268,Germany,3,98,75.1,69.7,Miss,100,41.7,f24-4-2013-731820-eventdetails.xml
269,Algeria,3,100,90.3,50.5,Miss,100,56.8,f24-4-2013-731820-eventdetails.xml
270,Argentina,1,5,74.0,28.2,Miss,100,76.0,f24-4-2013-731821-eventdetails.xml
271,Switzerland,1,8,72.9,63.4,Miss,100,47.0,f24-4-2013-731821-eventdetails.xml
272,Argentina,1,24,87.0,43.3,Miss,100,47.7,f24-4-2013-731821-eventdetails.xml
273,Switzerland,2,50,90.5,66.6,Miss,100,55.6,f24-4-2013-731821-eventdetails.xml
274,Switzerland,2,52,68.6,71.4,Miss,100,31.6,f24-4-2013-731821-eventdetails.xml
275,Argentina,2,66,93.6,41.5,Miss,100,99.8,f24-4-2013-731821-eventdetails.xml
276,Argentina,2,66,77.5,40.0,Miss,100,47.2,f24-4-2013-731821-eventdetails.xml
277,Argentina,2,74,90.5,46.7,Miss,100,36.3,f24-4-2013-731821-eventdetails.xml
278,Argentina,2,75,69.5,38.0,Miss,100,48.8,f24-4-2013-731821-eventdetails.xml
279,Argentina,2,84,78.0,71.2,Miss,100,53.8,f24-4-2013-731821-eventdetails.xml
280,Switzerland,2,91,92.3,52.4,Miss,100,53.0,f24-4-2013-731821-eventdetails.xml
281,Switzerland,3,96,68.8,68.4,Miss,100,60.1,f24-4-2013-731821-eventdetails.xml
282,Argentina,4,111,77.3,41.6,Miss,100,54.0,f24-4-2013-731821-eventdetails.xml
283,Switzerland,4,120,92.9,56.3,Miss,100,0.5,f24-4-2013-731821-eventdetails.xml
284,Switzerland,4,120,96.9,53.0,Miss,100,57.6,f24-4-2013-731821-eventdetails.xml
285,Argentina,4,122,57.8,86.0,Miss,100,56.9,f24-4-2013-731821-eventdetails.xml
286,Belgium,1,21,72.2,53.0,Miss,100,56.9,f24-4-2013-731822-eventdetails.xml
287,Belgium,1,22,85.6,59.2,Miss,100,58.5,f24-4-2013-731822-eventdetails.xml
288,USA,1,32,76.1,61.1,Miss,100,59.5,f24-4-2013-731822-eventdetails.xml
289,USA,1,40,87.0,42.8,Miss,100,97.4,f24-4-2013-731822-eventdetails.xml
290,Belgium,2,51,68.9,43.7,Miss,100,44.8,f24-4-2013-731822-eventdetails.xml
291,Belgium,2,55,78.1,59.0,Miss,100,36.8,f24-4-2013-731822-eventdetails.xml
292,Belgium,2,56,87.9,75.6,Miss,100,43.1,f24-4-2013-731822-eventdetails.xml
293,Belgium,2,59,96.4,57.5,Miss,100,56.8,f24-4-2013-731822-eventdetails.xml
294,Belgium,2,68,77.5,37.4,Miss,100,57.5,f24-4-2013-731822-eventdetails.xml
295,Belgium,2,76,92.2,44.9,Miss,100,95.3,f24-4-2013-731822-eventdetails.xml
296,Belgium,2,82,88.6,46.8,Miss,100,38.4,f24-4-2013-731822-eventdetails.xml
297,Belgium,2,87,92.6,69.7,Miss,100,56.8,f24-4-2013-731822-eventdetails.xml
298,Belgium,2,90,96.3,53.6,Miss,100,44.3,f24-4-2013-731822-eventdetails.xml
299,USA,2,92,92.6,47.0,Miss,100,49.3,f24-4-2013-731822-eventdetails.xml
300,USA,3,91,94.3,43.3,Miss,100,40.5,f24-4-2013-731822-eventdetails.xml
301,Belgium,4,107,84.9,29.1,Miss,100,42.5,f24-4-2013-731822-eventdetails.xml
302,USA,4,107,89.3,52.2,Miss,100,43.1,f24-4-2013-731822-eventdetails.xml
303,USA,4,113,90.5,47.3,Miss,100,78.0,f24-4-2013-731822-eventdetails.xml
304,USA,4,117,77.4,73.9,Miss,100,38.9,f24-4-2013-731822-eventdetails.xml
305,USA,4,119,96.1,28.9,Miss,100,33.7,f24-4-2013-731822-eventdetails.xml
306,Brazil,1,4,71.4,53.8,Miss,100,59.0,f24-4-2013-731823-eventdetails.xml
307,Colombia,1,9,70.4,53.9,Miss,100,42.0,f24-4-2013-731823-eventdetails.xml
308,Brazil,1,26,82.6,68.8,Miss,100,33.9,f24-4-2013-731823-eventdetails.xml
309,Brazil,1,26,91.5,49.1,Miss,100,45.3,f24-4-2013-731823-eventdetails.xml
310,Brazil,1,34,95.7,36.0,Miss,100,58.5,f24-4-2013-731823-eventdetails.xml
311,Brazil,1,38,91.5,72.8,Miss,100,58.7,f24-4-2013-731823-eventdetails.xml
312,Brazil,1,43,78.3,68.5,Miss,100,44.3,f24-4-2013-731823-eventdetails.xml
313,Colombia,2,58,80.8,42.5,Miss,100,42.2,f24-4-2013-731823-eventdetails.xml
314,Brazil,2,72,77.4,30.1,Miss,100,57.1,f24-4-2013-731823-eventdetails.xml
315,Colombia,2,92,91.6,44.7,Miss,100,60.6,f24-4-2013-731823-eventdetails.xml
316,Colombia,2,94,90.2,52.7,Miss,100,51.2,f24-4-2013-731823-eventdetails.xml
317,France,1,6,88.5,60.8,Miss,100,57.8,f24-4-2013-731824-eventdetails.xml
318,France,1,34,91.7,61.4,Miss,100,48.8,f24-4-2013-731824-eventdetails.xml
319,Germany,2,54,73.6,48.4,Miss,100,66.8,f24-4-2013-731824-eventdetails.xml
320,Germany,2,68,90.5,28.3,Miss,100,58.3,f24-4-2013-731824-eventdetails.xml
321,France,2,72,77.8,20.0,Miss,100,60.8,f24-4-2013-731824-eventdetails.xml
322,France,2,73,85.3,71.5,Miss,100,30.9,f24-4-2013-731824-eventdetails.xml
323,Costa Rica,1,33,95.8,55.8,Miss,100,27.6,f24-4-2013-731825-eventdetails.xml
324,Netherlands,2,52,84.0,51.3,Miss,100,49.8,f24-4-2013-731825-eventdetails.xml
325,Costa Rica,2,61,71.6,33.3,Miss,100,45.0,f24-4-2013-731825-eventdetails.xml
326,Costa Rica,2,64,95.7,57.6,Miss,100,42.7,f24-4-2013-731825-eventdetails.xml
327,Netherlands,2,74,89.1,52.7,Miss,100,49.5,f24-4-2013-731825-eventdetails.xml
328,Netherlands,4,108,91.3,33.0,Miss,100,49.5,f24-4-2013-731825-eventdetails.xml
329,Belgium,1,12,76.0,64.9,Miss,100,62.3,f24-4-2013-731826-eventdetails.xml
330,Belgium,1,17,96.4,60.8,Miss,100,42.9,f24-4-2013-731826-eventdetails.xml
331,Argentina,1,39,81.8,51.3,Miss,100,45.8,f24-4-2013-731826-eventdetails.xml
332,Belgium,1,41,88.5,53.1,Miss,100,57.8,f24-4-2013-731826-eventdetails.xml
333,Belgium,2,60,90.9,52.8,Miss,100,45.5,f24-4-2013-731826-eventdetails.xml
334,Belgium,2,75,75.1,78.2,Miss,100,59.2,f24-4-2013-731826-eventdetails.xml
335,Belgium,2,94,77.7,50.7,Miss,100,43.2,f24-4-2013-731826-eventdetails.xml
336,Argentina,2,94,69.8,66.6,Miss,100,45.7,f24-4-2013-731826-eventdetails.xml
337,Brazil,1,2,75.8,66.6,Miss,100,39.9,f24-4-2013-731827-eventdetails.xml
338,Germany,1,37,75.8,32.8,Miss,100,46.9,f24-4-2013-731827-eventdetails.xml
339,Brazil,2,71,82.8,68.2,Miss,100,39.9,f24-4-2013-731827-eventdetails.xml
340,Brazil,2,80,82.1,58.1,Miss,100,60.1,f24-4-2013-731827-eventdetails.xml
341,Brazil,2,88,96.5,68.4,Miss,100,0.7,f24-4-2013-731827-eventdetails.xml
342,Brazil,2,89,89.0,71.1,Miss,100,49.5,f24-4-2013-731827-eventdetails.xml
343,Germany,2,89,85.3,62.6,Miss,100,42.4,f24-4-2013-731827-eventdetails.xml
344,Netherlands,1,12,78.1,32.2,Miss,100,61.6,f24-4-2013-731828-eventdetails.xml
345,Argentina,1,23,95.0,51.3,Miss,100,53.0,f24-4-2013-731828-eventdetails.xml
346,Netherlands,2,49,75.9,75.1,Miss,100,53.5,f24-4-2013-731828-eventdetails.xml
347,Argentina,2,74,92.7,42.5,Miss,100,43.4,f24-4-2013-731828-eventdetails.xml
348,Netherlands,2,86,72.8,46.4,Miss,100,24.7,f24-4-2013-731828-eventdetails.xml
349,Netherlands,4,109,67.2,44.1,Miss,100,35.4,f24-4-2013-731828-eventdetails.xml
350,Brazil,1,28,90.2,45.8,Miss,100,69.8,f24-4-2013-731829-eventdetails.xml
351,Netherlands,1,29,81.6,46.3,Miss,100,41.3,f24-4-2013-731829-eventdetails.xml
352,Brazil,1,44,71.2,58.1,Miss,100,57.8,f24-4-2013-731829-eventdetails.xml
353,Netherlands,2,49,97.5,41.5,Miss,100,42.7,f24-4-2013-731829-eventdetails.xml
354,Brazil,2,59,83.3,44.0,Miss,100,61.1,f24-4-2013-731829-eventdetails.xml
355,Brazil,2,74,86.7,71.8,Miss,100,59.0,f24-4-2013-731829-eventdetails.xml
356,Brazil,2,78,91.6,74.2,Miss,100,35.8,f24-4-2013-731829-eventdetails.xml
357,Netherlands,2,86,96.2,46.7,Miss,100,61.1,f24-4-2013-731829-eventdetails.xml
358,Brazil,2,94,70.8,26.0,Miss,100,33.3,f24-4-2013-731829-eventdetails.xml
359,Argentina,1,3,93.5,26.8,Miss,100,99.3,f24-4-2013-731830-eventdetails.xml
360,Argentina,1,20,82.9,49.7,Miss,100,60.4,f24-4-2013-731830-eventdetails.xml
361,Argentina,2,46,87.8,67.8,Miss,100,41.3,f24-4-2013-731830-eventdetails.xml
362,Argentina,2,62,95.5,66.4,Miss,100,63.7,f24-4-2013-731830-eventdetails.xml
363,Germany,2,71,77.1,76.7,Miss,100,30.4,f24-4-2013-731830-eventdetails.xml
364,Argentina,2,74,78.9,40.9,Miss,100,60.2,f24-4-2013-731830-eventdetails.xml
365,Germany,2,81,81.7,52.4,Miss,100,41.1,f24-4-2013-731830-eventdetails.xml
366,Argentina,3,91,94.6,70.7,Miss,100,0.3,f24-4-2013-731830-eventdetails.xml
367,Argentina,3,96,91.3,52.0,Miss,100,58.9,f24-4-2013-731830-eventdetails.xml
368,Argentina,4,117,85.8,48.9,Miss,100,50.2,f24-4-2013-731830-eventdetails.xml
369,Argentina,4,122,72.7,28.8,Miss,100,46.7,f24-4-2013-731830-eventdetails.xml
370,Netherlands,2,59,90.3,30.1,Woodwork,100,52.3,f24-4-2013-731769-eventdetails.xml
371,Netherlands,2,63,98.0,45.4,Woodwork,100,44.8,f24-4-2013-731769-eventdetails.xml
372,Italy,1,47,92.6,69.5,Woodwork,100,55.2,f24-4-2013-731774-eventdetails.xml
373,Italy,2,93,73.8,67.3,Woodwork,100,46.3,f24-4-2013-731774-eventdetails.xml
374,England,1,30,99.1,45.4,Woodwork,100,45.1,f24-4-2013-731789-eventdetails.xml
375,Chile,4,119,83.9,43.1,Woodwork,100,46.4,f24-4-2013-731815-eventdetails.xml
376,Chile,5,127,88.5,49.7,Woodwork,100,45.0,f24-4-2013-731815-eventdetails.xml
377,Switzerland,4,120,95.7,51.1,Woodwork,100,55.2,f24-4-2013-731821-eventdetails.xml
378,Belgium,2,55,87.6,45.2,Woodwork,100,46.7,f24-4-2013-731822-eventdetails.xml
379,Netherlands,2,81,81.7,76.9,Woodwork,100,55.4,f24-4-2013-731825-eventdetails.xml
380,Netherlands,4,118,81.2,71.3,Woodwork,100,47.8,f24-4-2013-731825-eventdetails.xml
381,Argentina,2,54,85.5,31.0,Woodwork,100,52.2,f24-4-2013-731826-eventdetails.xml
382,Germany,1,46,94.9,47.0,Woodwork,100,44.6,f24-4-2013-731830-eventdetails.xml
383,Brazil,1,5,90.9,52.6,Save,99.4,50.7,f24-4-2013-731767-eventdetails.xml
384,Brazil,1,8,73.1,39.8,Save,78.6,42.1,f24-4-2013-731767-eventdetails.xml
385,Brazil,1,15,76.9,42.7,Save,80.5,42.4,f24-4-2013-731767-eventdetails.xml
386,Brazil,1,20,91.6,32.0,Save,99.1,46.8,f24-4-2013-731767-eventdetails.xml
387,Brazil,1,21,77.2,36.5,Save,99.4,51.3,f24-4-2013-731767-eventdetails.xml
388,Croatia,1,28,91.9,38.4,Save,99.3,47.7,f24-4-2013-731767-eventdetails.xml
389,Brazil,1,40,78.5,25.8,Save,81.8,29.8,f24-4-2013-731767-eventdetails.xml
390,Brazil,1,41,78.1,32.2,Save,86.6,36.6,f24-4-2013-731767-eventdetails.xml
391,Croatia,2,85,69.4,58.1,Save,99.0,53.1,f24-4-2013-731767-eventdetails.xml
392,Croatia,2,90,75.2,34.2,Save,99.5,47.7,f24-4-2013-731767-eventdetails.xml
393,Croatia,2,90,92.7,30.5,Save,94.7,33.8,f24-4-2013-731767-eventdetails.xml
394,Netherlands,1,7,86.4,38.6,Save,93.3,44.4,f24-4-2013-731769-eventdetails.xml
395,Spain,1,12,90.4,64.0,Save,91.1,63.2,f24-4-2013-731769-eventdetails.xml
396,Netherlands,1,34,76.7,69.1,Save,97.3,47.1,f24-4-2013-731769-eventdetails.xml
397,Spain,1,42,89.5,63.3,Save,93.4,58.7,f24-4-2013-731769-eventdetails.xml
398,Spain,2,49,72.7,48.2,Save,97.1,53.6,f24-4-2013-731769-eventdetails.xml
399,Spain,2,66,85.0,51.1,Save,87.7,51.1,f24-4-2013-731769-eventdetails.xml
400,Spain,2,66,91.3,57.3,Save,98.6,51.6,f24-4-2013-731769-eventdetails.xml
401,Netherlands,2,68,78.5,63.9,Save,95.1,51.8,f24-4-2013-731769-eventdetails.xml
402,Netherlands,2,86,86.9,51.1,Save,96.7,50.2,f24-4-2013-731769-eventdetails.xml
403,Netherlands,2,86,81.3,33.1,Save,99.1,48.7,f24-4-2013-731769-eventdetails.xml
404,Netherlands,2,87,78.7,46.4,Save,84.3,47.1,f24-4-2013-731769-eventdetails.xml
405,Uruguay,1,6,70.7,67.2,Save,73.2,65.9,f24-4-2013-731773-eventdetails.xml
406,Uruguay,1,14,72.8,69.6,Save,77.9,65.5,f24-4-2013-731773-eventdetails.xml
407,Costa Rica,1,30,94.2,65.1,Save,96.0,60.8,f24-4-2013-731773-eventdetails.xml
408,Uruguay,1,43,83.5,72.6,Save,99.1,48.0,f24-4-2013-731773-eventdetails.xml
409,Costa Rica,2,49,96.4,59.8,Save,99.3,54.2,f24-4-2013-731773-eventdetails.xml
410,Uruguay,2,69,88.4,43.7,Save,98.9,47.3,f24-4-2013-731773-eventdetails.xml
411,England,1,4,76.2,28.0,Save,98.5,46.9,f24-4-2013-731774-eventdetails.xml
412,Italy,1,18,68.2,42.5,Save,97.1,49.6,f24-4-2013-731774-eventdetails.xml
413,England,1,41,68.2,45.4,Save,74.6,46.2,f24-4-2013-731774-eventdetails.xml
414,Italy,1,46,95.5,76.4,Save,99.9,49.6,f24-4-2013-731774-eventdetails.xml
415,England,2,48,74.5,36.3,Save,97.1,45.7,f24-4-2013-731774-eventdetails.xml
416,England,2,54,84.6,32.4,Save,86.3,33.2,f24-4-2013-731774-eventdetails.xml
417,Italy,2,63,92.2,43.5,Save,93.3,43.5,f24-4-2013-731774-eventdetails.xml
418,England,2,63,87.0,66.8,Save,96.7,48.0,f24-4-2013-731774-eventdetails.xml
419,England,2,76,77.6,32.5,Save,99.3,45.8,f24-4-2013-731774-eventdetails.xml
420,Argentina,1,4,71.9,66.0,Save,75.3,64.6,f24-4-2013-731777-eventdetails.xml
421,Bosnia and Herzegovina,1,14,73.1,46.3,Save,84.7,44.8,f24-4-2013-731777-eventdetails.xml
422,Argentina,1,17,90.9,69.3,Save,92.7,65.9,f24-4-2013-731777-eventdetails.xml
423,Argentina,1,20,89.9,35.1,Save,91.2,36.5,f24-4-2013-731777-eventdetails.xml
424,Bosnia and Herzegovina,1,24,77.7,58.1,Save,79.7,56.9,f24-4-2013-731777-eventdetails.xml
425,Argentina,1,31,75.6,39.1,Save,97.3,49.6,f24-4-2013-731777-eventdetails.xml
426,Bosnia and Herzegovina,1,40,91.2,44.0,Save,100,48.2,f24-4-2013-731777-eventdetails.xml
427,Bosnia and Herzegovina,1,40,71.7,60.0,Save,99.0,49.5,f24-4-2013-731777-eventdetails.xml
428,Bosnia and Herzegovina,2,45,75.6,54.6,Save,84.3,51.8,f24-4-2013-731777-eventdetails.xml
429,Bosnia and Herzegovina,2,49,75.7,41.3,Save,99.4,48.7,f24-4-2013-731777-eventdetails.xml
430,Bosnia and Herzegovina,2,53,78.3,25.2,Save,99.8,50,f24-4-2013-731777-eventdetails.xml
431,Bosnia and Herzegovina,2,80,76.1,59.9,Save,78.9,59.4,f24-4-2013-731777-eventdetails.xml
432,Bosnia and Herzegovina,2,80,80.8,32.8,Save,84.6,34.7,f24-4-2013-731777-eventdetails.xml
433,Bosnia and Herzegovina,2,83,72.5,40.1,Save,97.5,48.9,f24-4-2013-731777-eventdetails.xml
434,Portugal,1,4,84.9,37.7,Save,98.8,46.4,f24-4-2013-731779-eventdetails.xml
435,Portugal,1,7,93.0,71.1,Save,98.6,54.0,f24-4-2013-731779-eventdetails.xml
436,Portugal,1,13,68.2,50.1,Save,75.9,49.6,f24-4-2013-731779-eventdetails.xml
437,Germany,1,30,85.0,50.3,Save,87.1,50.2,f24-4-2013-731779-eventdetails.xml
438,Germany,1,39,73.2,50.9,Save,83.8,51.1,f24-4-2013-731779-eventdetails.xml
439,Germany,1,41,90.8,46.3,Save,97.6,48.0,f24-4-2013-731779-eventdetails.xml
440,Germany,2,50,89.0,42.5,Save,92.1,44.6,f24-4-2013-731779-eventdetails.xml
441,Portugal,2,59,75.9,67.0,Save,84.3,61.4,f24-4-2013-731779-eventdetails.xml
442,Portugal,2,65,72.5,30.3,Save,77.1,33.6,f24-4-2013-731779-eventdetails.xml
443,Portugal,2,67,87.2,68.4,Save,89.3,65.5,f24-4-2013-731779-eventdetails.xml
444,Germany,2,68,86.0,54.8,Save,88.1,54.2,f24-4-2013-731779-eventdetails.xml
445,Portugal,2,74,74.8,55.3,Save,97.2,48.6,f24-4-2013-731779-eventdetails.xml
446,Germany,2,77,84.9,48.0,Save,86.9,47.8,f24-4-2013-731779-eventdetails.xml
447,Portugal,2,81,75.2,48.7,Save,77.6,48.9,f24-4-2013-731779-eventdetails.xml
448,Portugal,2,84,70.1,51.2,Save,76.8,52.0,f24-4-2013-731779-eventdetails.xml
449,Portugal,2,91,72.7,48.0,Save,99.5,48.2,f24-4-2013-731779-eventdetails.xml
450,Belgium,1,16,64.2,29.7,Save,73.2,35.2,f24-4-2013-731781-eventdetails.xml
451,Belgium,1,20,70.8,48.8,Save,98.6,49.8,f24-4-2013-731781-eventdetails.xml
452,Belgium,1,33,71.1,49.0,Save,98.8,52.3,f24-4-2013-731781-eventdetails.xml
453,Belgium,1,34,74.3,69.7,Save,97.6,51.4,f24-4-2013-731781-eventdetails.xml
454,Belgium,1,43,89.8,66.1,Save,96.7,55.6,f24-4-2013-731781-eventdetails.xml
455,Belgium,2,65,81.3,46.6,Save,92.1,47.7,f24-4-2013-731781-eventdetails.xml
456,Belgium,2,77,71.6,49.1,Save,76.3,49.6,f24-4-2013-731781-eventdetails.xml
457,Belgium,2,83,92.1,54.5,Save,99.1,50,f24-4-2013-731781-eventdetails.xml
458,Brazil,1,7,69.0,71.4,Save,75.6,68.2,f24-4-2013-731783-eventdetails.xml
459,Brazil,1,13,83.9,55.0,Save,85.4,54.9,f24-4-2013-731783-eventdetails.xml
460,Brazil,1,25,90.9,55.7,Save,99.1,53.2,f24-4-2013-731783-eventdetails.xml
461,Brazil,1,28,74.8,68.4,Save,98.5,52.0,f24-4-2013-731783-eventdetails.xml
462,Brazil,1,34,90.3,51.0,Save,98.6,48.6,f24-4-2013-731783-eventdetails.xml
463,Brazil,1,43,92.7,53.0,Save,95.0,52.3,f24-4-2013-731783-eventdetails.xml
464,Mexico,2,52,70.4,68.8,Save,82.8,63,f24-4-2013-731783-eventdetails.xml
465,Mexico,2,55,77.3,43.4,Save,95.8,49.5,f24-4-2013-731783-eventdetails.xml
466,Brazil,2,68,90.7,40.0,Save,98.8,46.0,f24-4-2013-731783-eventdetails.xml
467,Mexico,2,80,74.1,51.5,Save,85.4,50.4,f24-4-2013-731783-eventdetails.xml
468,Brazil,2,85,95.2,51.5,Save,99.5,50,f24-4-2013-731783-eventdetails.xml
469,Mexico,2,90,86.7,23.6,Save,97.7,46.6,f24-4-2013-731783-eventdetails.xml
470,Spain,1,14,92.2,32.8,Save,93.4,35.2,f24-4-2013-731785-eventdetails.xml
471,Spain,1,14,94.9,57.1,Save,96.3,56.0,f24-4-2013-731785-eventdetails.xml
472,Chile,1,42,73.6,27.4,Save,100,46.0,f24-4-2013-731785-eventdetails.xml
473,Spain,2,48,87.2,54.0,Save,88.5,53.4,f24-4-2013-731785-eventdetails.xml
474,Spain,2,52,79.1,61.7,Save,98.9,50.9,f24-4-2013-731785-eventdetails.xml
475,Chile,2,64,75.5,52.1,Save,93.3,49.5,f24-4-2013-731785-eventdetails.xml
476,Spain,2,79,76.4,49.4,Save,98.2,53.4,f24-4-2013-731785-eventdetails.xml
477,Spain,2,83,73.8,42.4,Save,96.5,47.1,f24-4-2013-731785-eventdetails.xml
478,Spain,2,84,90.0,51.8,Save,98.0,52.0,f24-4-2013-731785-eventdetails.xml
479,Spain,2,87,74.9,55.7,Save,97.8,46.6,f24-4-2013-731785-eventdetails.xml
480,Spain,2,91,92.3,54.2,Save,94.6,53.6,f24-4-2013-731785-eventdetails.xml
481,Spain,2,91,89.2,31.6,Save,91.1,33.6,f24-4-2013-731785-eventdetails.xml
482,Australia,1,15,84.0,48.0,Save,85.5,47.7,f24-4-2013-731786-eventdetails.xml
483,Netherlands,1,17,85.4,35.5,Save,98.6,50.2,f24-4-2013-731786-eventdetails.xml
484,Netherlands,1,23,82.1,31.4,Save,84.1,34.3,f24-4-2013-731786-eventdetails.xml
485,Australia,1,31,90.3,56.6,Save,98.8,51.1,f24-4-2013-731786-eventdetails.xml
486,Australia,1,33,75.3,48.5,Save,77.7,48.7,f24-4-2013-731786-eventdetails.xml
487,Netherlands,2,48,74.0,51.9,Save,74.7,52.3,f24-4-2013-731786-eventdetails.xml
488,Netherlands,2,57,96.2,34.0,Save,99.0,45.3,f24-4-2013-731786-eventdetails.xml
489,Australia,2,66,92.3,47.2,Save,98.4,52.0,f24-4-2013-731786-eventdetails.xml
490,Netherlands,2,68,79.3,70.2,Save,97.8,50.4,f24-4-2013-731786-eventdetails.xml
491,Australia,2,71,86.6,38.6,Save,88.4,40.2,f24-4-2013-731786-eventdetails.xml
492,Netherlands,2,72,85.0,53.3,Save,87.7,52.5,f24-4-2013-731786-eventdetails.xml
493,Netherlands,2,73,76.2,40.7,Save,98.6,51.4,f24-4-2013-731786-eventdetails.xml
494,Netherlands,2,73,86.4,40.4,Save,95.2,48.7,f24-4-2013-731786-eventdetails.xml
495,Australia,2,80,80.2,74.2,Save,93.7,55.1,f24-4-2013-731786-eventdetails.xml
496,Netherlands,2,92,91.9,62.7,Save,98.0,52.2,f24-4-2013-731786-eventdetails.xml
497,England,1,16,83.5,32.4,Save,85.6,34.1,f24-4-2013-731789-eventdetails.xml
498,England,1,40,93.0,70.8,Save,99.5,54.2,f24-4-2013-731789-eventdetails.xml
499,Uruguay,2,49,82.5,44.7,Save,85.1,45.5,f24-4-2013-731789-eventdetails.xml
500,England,2,53,90.9,54.0,Save,98.5,50.7,f24-4-2013-731789-eventdetails.xml
501,England,2,58,78.1,77.7,Save,97.5,50.4,f24-4-2013-731789-eventdetails.xml
502,England,2,73,79.6,32.8,Save,97.5,47.7,f24-4-2013-731789-eventdetails.xml
503,England,2,77,87.3,57.6,Save,97.6,50.9,f24-4-2013-731789-eventdetails.xml
504,Costa Rica,1,1,69.1,57.1,Save,98.8,51.1,f24-4-2013-731790-eventdetails.xml
505,Costa Rica,1,5,92.9,69.9,Save,94.0,67.5,f24-4-2013-731790-eventdetails.xml
506,Italy,1,32,81.1,44.5,Save,96.5,46.9,f24-4-2013-731790-eventdetails.xml
507,Italy,1,35,73.5,33.6,Save,76.7,35.7,f24-4-2013-731790-eventdetails.xml
508,Costa Rica,1,35,74.4,58.5,Save,98.5,46.8,f24-4-2013-731790-eventdetails.xml
509,Costa Rica,1,38,72.9,51.1,Save,98.4,48.4,f24-4-2013-731790-eventdetails.xml
510,Italy,1,42,71.7,56.9,Save,75.6,56.1,f24-4-2013-731790-eventdetails.xml
511,Italy,2,49,88.5,34.0,Save,91.2,38.8,f24-4-2013-731790-eventdetails.xml
512,Italy,2,50,81.5,73.8,Save,98.2,50.9,f24-4-2013-731790-eventdetails.xml
513,Italy,2,52,71.3,50.9,Save,98.6,52.0,f24-4-2013-731790-eventdetails.xml
514,Costa Rica,2,53,73.6,67.8,Save,99.3,51.1,f24-4-2013-731790-eventdetails.xml
515,Italy,2,61,73.1,48.2,Save,98.8,48.2,f24-4-2013-731790-eventdetails.xml
516,Costa Rica,2,83,85.3,46.3,Save,86.4,46.8,f24-4-2013-731790-eventdetails.xml
517,Argentina,1,10,79.5,27.9,Save,81.8,30.7,f24-4-2013-731793-eventdetails.xml
518,Argentina,1,12,90.6,40.0,Save,92.1,41.2,f24-4-2013-731793-eventdetails.xml
519,Argentina,1,21,87.6,68.2,Save,97.5,51.6,f24-4-2013-731793-eventdetails.xml
520,Argentina,1,29,78.3,51.3,Save,80.8,52.0,f24-4-2013-731793-eventdetails.xml
521,Iran,2,51,90.5,46.8,Save,99.1,48.2,f24-4-2013-731793-eventdetails.xml
522,Argentina,2,58,81.8,73.2,Save,85.9,68.6,f24-4-2013-731793-eventdetails.xml
523,Iran,2,63,70.8,54.5,Save,74.0,53.8,f24-4-2013-731793-eventdetails.xml
524,Iran,2,66,91.6,49.9,Save,92.8,49.3,f24-4-2013-731793-eventdetails.xml
525,Iran,2,66,87.5,50.0,Save,99.1,50.5,f24-4-2013-731793-eventdetails.xml
526,Argentina,2,74,91.0,70.0,Save,98.1,54.2,f24-4-2013-731793-eventdetails.xml
527,Iran,2,85,86.8,65.2,Save,97.6,52.3,f24-4-2013-731793-eventdetails.xml
528,Germany,1,10,81.6,47.8,Save,87.3,47.5,f24-4-2013-731795-eventdetails.xml
529,Ghana,1,12,75.9,39.8,Save,99.0,51.4,f24-4-2013-731795-eventdetails.xml
530,Germany,1,17,78.4,41.3,Save,96.4,46.8,f24-4-2013-731795-eventdetails.xml
531,Ghana,1,32,75.3,40.4,Save,97.8,50.4,f24-4-2013-731795-eventdetails.xml
532,Germany,1,36,80.6,30.0,Save,97.2,46.8,f24-4-2013-731795-eventdetails.xml
533,Ghana,1,44,90.5,51.8,Save,92.1,52.0,f24-4-2013-731795-eventdetails.xml
534,Ghana,1,45,75.3,37.7,Save,80.6,39.7,f24-4-2013-731795-eventdetails.xml
535,Ghana,2,56,73.6,62.3,Save,84.6,57.2,f24-4-2013-731795-eventdetails.xml
536,Ghana,2,66,86.2,71.5,Save,98.1,53.2,f24-4-2013-731795-eventdetails.xml
537,Germany,2,70,95.0,59.7,Save,98.6,48.4,f24-4-2013-731795-eventdetails.xml
538,Ghana,2,77,68.0,60.3,Save,79.0,57.9,f24-4-2013-731795-eventdetails.xml
539,Germany,2,83,87.0,52.5,Save,88.8,52.9,f24-4-2013-731795-eventdetails.xml
540,Ghana,2,87,76.4,50.0,Save,98.1,52.9,f24-4-2013-731795-eventdetails.xml
541,Algeria,1,3,91.7,44.3,Save,92.7,45.3,f24-4-2013-731798-eventdetails.xml
542,Algeria,1,26,91.7,30.7,Save,92.8,32.7,f24-4-2013-731798-eventdetails.xml
543,Algeria,2,51,92.6,51.5,Save,99.7,52.7,f24-4-2013-731798-eventdetails.xml
544,South Korea,2,56,96.2,42.1,Save,99.7,49.6,f24-4-2013-731798-eventdetails.xml
545,South Korea,2,59,69.1,63.3,Save,98.8,49.8,f24-4-2013-731798-eventdetails.xml
546,South Korea,2,86,74.9,52.2,Save,84.2,51.8,f24-4-2013-731798-eventdetails.xml
547,Brazil,1,2,92.3,48.7,Save,93.2,49.3,f24-4-2013-731799-eventdetails.xml
548,Brazil,1,2,81.8,49.3,Save,89.8,50.5,f24-4-2013-731799-eventdetails.xml
549,Brazil,1,5,87.8,33.4,Save,89.3,34.8,f24-4-2013-731799-eventdetails.xml
550,Cameroon,1,8,84.4,52.2,Save,92.8,48.4,f24-4-2013-731799-eventdetails.xml
551,Cameroon,1,10,78.1,71.9,Save,80.3,69.9,f24-4-2013-731799-eventdetails.xml
552,Brazil,1,19,86.1,59.1,Save,98.4,50.7,f24-4-2013-731799-eventdetails.xml
553,Brazil,1,20,96.1,51.5,Save,97.3,50.5,f24-4-2013-731799-eventdetails.xml
554,Cameroon,1,25,89.9,46.3,Save,91.4,47.3,f24-4-2013-731799-eventdetails.xml
555,Cameroon,1,32,85.7,63.4,Save,93.2,52.0,f24-4-2013-731799-eventdetails.xml
556,Brazil,1,35,75.6,73.2,Save,99.4,54.3,f24-4-2013-731799-eventdetails.xml
557,Brazil,1,45,91.2,58.8,Save,92.8,57.4,f24-4-2013-731799-eventdetails.xml
558,Brazil,2,46,78.0,31.6,Save,98.6,52.2,f24-4-2013-731799-eventdetails.xml
559,Brazil,2,48,87.9,89.4,Save,98.5,49.5,f24-4-2013-731799-eventdetails.xml
560,Brazil,2,48,75.8,50.7,Save,79.0,50,f24-4-2013-731799-eventdetails.xml
561,Brazil,2,56,88.5,34.2,Save,89.9,35.7,f24-4-2013-731799-eventdetails.xml
562,Brazil,2,78,84.0,67.8,Save,85.8,64.4,f24-4-2013-731799-eventdetails.xml
563,Brazil,2,81,67.9,52.7,Save,76.7,52.0,f24-4-2013-731799-eventdetails.xml
564,Brazil,2,82,80.5,49.7,Save,89.9,48.7,f24-4-2013-731799-eventdetails.xml
565,Brazil,2,91,82.6,71.5,Save,97.1,51.1,f24-4-2013-731799-eventdetails.xml
566,Spain,1,16,85.1,52.7,Save,87.7,51.3,f24-4-2013-731801-eventdetails.xml
567,Spain,1,22,91.5,65.1,Save,98.1,51.3,f24-4-2013-731801-eventdetails.xml
568,Spain,1,23,85.9,30.4,Save,88.2,32.5,f24-4-2013-731801-eventdetails.xml
569,Spain,1,40,73.8,43.3,Save,75.3,43.9,f24-4-2013-731801-eventdetails.xml
570,Spain,2,90,90.2,54.0,Save,92.3,53.4,f24-4-2013-731801-eventdetails.xml
571,Netherlands,1,22,89.9,30.3,Save,90.6,31.6,f24-4-2013-731802-eventdetails.xml
572,Netherlands,1,44,77.4,50.1,Save,92.0,48.9,f24-4-2013-731802-eventdetails.xml
573,Netherlands,2,61,75.4,65.3,Save,79.5,62.3,f24-4-2013-731802-eventdetails.xml
574,Chile,2,64,95.4,70.3,Save,99.1,53.2,f24-4-2013-731802-eventdetails.xml
575,Netherlands,2,65,87.3,68.8,Save,98.6,52.0,f24-4-2013-731802-eventdetails.xml
576,Netherlands,2,75,72.2,54.8,Save,98.9,50,f24-4-2013-731802-eventdetails.xml
577,Chile,2,84,72.1,39.6,Save,88.9,48.6,f24-4-2013-731802-eventdetails.xml
578,Costa Rica,1,22,69.0,41.8,Save,99.4,53.2,f24-4-2013-731806-eventdetails.xml
579,Costa Rica,1,45,84.3,65.2,Save,89.4,61.0,f24-4-2013-731806-eventdetails.xml
580,England,2,48,74.9,40.6,Save,79.4,42.1,f24-4-2013-731806-eventdetails.xml
581,England,2,60,75.6,63.3,Save,86.7,56.1,f24-4-2013-731806-eventdetails.xml
582,Costa Rica,2,61,70.0,54.5,Save,96.7,51.6,f24-4-2013-731806-eventdetails.xml
583,England,2,79,75.8,43.7,Save,99.4,52.2,f24-4-2013-731806-eventdetails.xml
584,Argentina,1,2,89.2,67.0,Save,98.2,53.8,f24-4-2013-731809-eventdetails.xml
585,Argentina,1,8,69.9,63.5,Save,97.3,50,f24-4-2013-731809-eventdetails.xml
586,Nigeria,1,20,71.1,47.4,Save,77.1,48.0,f24-4-2013-731809-eventdetails.xml
587,Argentina,1,29,69.5,64.9,Save,98.6,47.3,f24-4-2013-731809-eventdetails.xml
588,Argentina,1,31,89.3,32.8,Save,93.2,38.4,f24-4-2013-731809-eventdetails.xml
589,Argentina,1,38,89.3,44.3,Save,98.6,52.9,f24-4-2013-731809-eventdetails.xml
590,Argentina,1,43,72.7,27.7,Save,98.0,43.3,f24-4-2013-731809-eventdetails.xml
591,Argentina,2,49,76.2,46.8,Save,98.5,51.3,f24-4-2013-731809-eventdetails.xml
592,Argentina,2,54,90.8,66.1,Save,92.4,63.9,f24-4-2013-731809-eventdetails.xml
593,Nigeria,2,61,92.5,66.0,Save,98.0,52.9,f24-4-2013-731809-eventdetails.xml
594,Nigeria,2,61,71.9,40.6,Save,79.3,43.1,f24-4-2013-731809-eventdetails.xml
595,Argentina,2,77,95.3,32.4,Save,98.8,45.1,f24-4-2013-731809-eventdetails.xml
596,Nigeria,2,78,87.3,61.8,Save,88.8,59.9,f24-4-2013-731809-eventdetails.xml
597,Nigeria,2,81,82.5,54.8,Save,85.8,53.6,f24-4-2013-731809-eventdetails.xml
598,Nigeria,2,81,74.4,48.5,Save,82.3,49.6,f24-4-2013-731809-eventdetails.xml
599,Argentina,2,84,88.8,69.7,Save,96.9,56.1,f24-4-2013-731809-eventdetails.xml
600,Nigeria,2,86,88.0,27.4,Save,89.9,32.1,f24-4-2013-731809-eventdetails.xml
601,Argentina,2,89,73.4,50.6,Save,98.2,50.4,f24-4-2013-731809-eventdetails.xml
602,Germany,1,9,78.9,34.5,Save,88.1,41.3,f24-4-2013-731811-eventdetails.xml
603,Germany,1,19,74.4,59.1,Save,97.2,49.1,f24-4-2013-731811-eventdetails.xml
604,Germany,1,30,76.9,72.4,Save,98.9,52.9,f24-4-2013-731811-eventdetails.xml
605,Germany,1,34,89.6,36.5,Save,97.3,47.1,f24-4-2013-731811-eventdetails.xml
606,Germany,2,54,89.5,44.9,Save,98.8,51.1,f24-4-2013-731811-eventdetails.xml
607,Germany,2,79,80.2,68.2,Save,98.9,53.1,f24-4-2013-731811-eventdetails.xml
608,Germany,2,91,92.9,72.1,Save,93.7,69.3,f24-4-2013-731811-eventdetails.xml
609,USA,2,92,86.8,56.0,Save,91.6,52.9,f24-4-2013-731811-eventdetails.xml
610,Algeria,1,26,84.3,64.5,Save,96.7,52.5,f24-4-2013-731814-eventdetails.xml
611,Algeria,1,34,76.2,51.3,Save,98.0,53.1,f24-4-2013-731814-eventdetails.xml
612,Algeria,1,42,92.0,45.8,Save,98.6,47.5,f24-4-2013-731814-eventdetails.xml
613,Russia,2,46,92.7,40.9,Save,95.5,44.4,f24-4-2013-731814-eventdetails.xml
614,Russia,2,61,75.0,36.9,Save,95.6,49.3,f24-4-2013-731814-eventdetails.xml
615,Algeria,2,63,77.9,59.0,Save,96.5,52.0,f24-4-2013-731814-eventdetails.xml
616,Russia,2,69,87.8,28.3,Save,96.5,46.2,f24-4-2013-731814-eventdetails.xml
617,Russia,2,70,81.8,68.8,Save,86.9,63.9,f24-4-2013-731814-eventdetails.xml
618,Algeria,2,73,88.4,28.9,Save,99.0,47.3,f24-4-2013-731814-eventdetails.xml
619,Brazil,1,35,91.8,50.1,Save,92.9,50,f24-4-2013-731815-eventdetails.xml
620,Brazil,1,35,81.6,49.9,Save,84.5,49.6,f24-4-2013-731815-eventdetails.xml
621,Brazil,1,41,70.1,31.8,Save,98.9,48.2,f24-4-2013-731815-eventdetails.xml
622,Brazil,1,43,90.6,33.1,Save,93.2,36.8,f24-4-2013-731815-eventdetails.xml
623,Chile,1,45,94.7,39.4,Save,96.7,41.5,f24-4-2013-731815-eventdetails.xml
624,Chile,2,63,90.1,44.3,Save,98.9,47.7,f24-4-2013-731815-eventdetails.xml
625,Brazil,2,80,89.4,50.0,Save,98.4,50.2,f24-4-2013-731815-eventdetails.xml
626,Brazil,2,82,89.1,36.6,Save,97.2,46.8,f24-4-2013-731815-eventdetails.xml
627,Chile,2,90,86.3,45.8,Save,87.6,46.0,f24-4-2013-731815-eventdetails.xml
628,Brazil,3,91,89.2,80.5,Save,96.0,55.4,f24-4-2013-731815-eventdetails.xml
629,Brazil,3,99,87.9,67.8,Save,90.6,64.6,f24-4-2013-731815-eventdetails.xml
630,Brazil,3,100,88.8,64.8,Save,98.9,51.3,f24-4-2013-731815-eventdetails.xml
631,Brazil,3,102,71.6,46.4,Save,97.3,49.3,f24-4-2013-731815-eventdetails.xml
632,Chile,4,112,71.1,73.9,Save,77.5,69.5,f24-4-2013-731815-eventdetails.xml
633,Chile,5,121,88.6,49.9,Save,97.1,49.6,f24-4-2013-731815-eventdetails.xml
634,Chile,5,122,88.6,49.7,Save,97.6,51.8,f24-4-2013-731815-eventdetails.xml
635,Brazil,5,125,88.5,49.9,Save,99.0,48.4,f24-4-2013-731815-eventdetails.xml
636,Mexico,1,23,68.0,54.3,Save,99.3,52.0,f24-4-2013-731817-eventdetails.xml
637,Mexico,1,27,79.4,35.1,Save,98.8,46.9,f24-4-2013-731817-eventdetails.xml
638,Mexico,1,41,96.3,32.8,Save,99.1,45.7,f24-4-2013-731817-eventdetails.xml
639,Netherlands,2,52,74.0,39.7,Save,81.9,41.9,f24-4-2013-731817-eventdetails.xml
640,Mexico,2,55,75.9,40.4,Save,98.6,52.3,f24-4-2013-731817-eventdetails.xml
641,Netherlands,2,56,96.9,51.1,Save,99.3,50.4,f24-4-2013-731817-eventdetails.xml
642,Netherlands,2,60,82.1,53.7,Save,85.1,53.4,f24-4-2013-731817-eventdetails.xml
643,Netherlands,2,73,94.3,32.2,Save,96.4,39.0,f24-4-2013-731817-eventdetails.xml
644,Netherlands,2,85,77.1,75.0,Save,85.6,65.9,f24-4-2013-731817-eventdetails.xml
645,Netherlands,2,90,81.3,73.9,Save,87.3,66.8,f24-4-2013-731817-eventdetails.xml
646,Greece,1,27,73.8,43.7,Save,98.5,46.2,f24-4-2013-731818-eventdetails.xml
647,Greece,1,31,71.5,49.9,Save,90.6,48.7,f24-4-2013-731818-eventdetails.xml
648,Greece,1,36,94.3,45.7,Save,97.2,46.9,f24-4-2013-731818-eventdetails.xml
649,Greece,1,45,75.2,27.7,Save,79.2,32.3,f24-4-2013-731818-eventdetails.xml
650,Greece,2,46,88.5,53.3,Save,100,50.5,f24-4-2013-731818-eventdetails.xml
651,Costa Rica,2,53,87.7,68.4,Save,91.4,64.4,f24-4-2013-731818-eventdetails.xml
652,Greece,2,90,91.7,39.7,Save,95.9,43.7,f24-4-2013-731818-eventdetails.xml
653,Greece,2,92,88.3,45.5,Save,98.1,49.3,f24-4-2013-731818-eventdetails.xml
654,Greece,3,94,70.8,49.9,Save,76.9,50.5,f24-4-2013-731818-eventdetails.xml
655,Greece,3,99,93.9,67.5,Save,94.9,65.7,f24-4-2013-731818-eventdetails.xml
656,Greece,4,112,87.8,28.5,Save,96.4,44.6,f24-4-2013-731818-eventdetails.xml
657,Greece,4,120,91.0,43.9,Save,93.3,45.8,f24-4-2013-731818-eventdetails.xml
658,Greece,5,127,88.5,49.9,Save,100,51.1,f24-4-2013-731818-eventdetails.xml
659,Algeria,1,8,89.9,85.5,Save,90.4,85.0,f24-4-2013-731820-eventdetails.xml
660,Germany,1,13,72.0,59.6,Save,95.2,51.6,f24-4-2013-731820-eventdetails.xml
661,Germany,1,30,88.6,42.5,Save,91.5,44.2,f24-4-2013-731820-eventdetails.xml
662,Germany,1,36,72.6,73.5,Save,98.1,53.8,f24-4-2013-731820-eventdetails.xml
663,Algeria,1,38,72.3,50.9,Save,86.2,48.7,f24-4-2013-731820-eventdetails.xml
664,Germany,1,40,70.4,51.5,Save,95.5,53.6,f24-4-2013-731820-eventdetails.xml
665,Germany,1,40,93.6,61.4,Save,96.2,56.1,f24-4-2013-731820-eventdetails.xml
666,Germany,2,47,90.3,33.4,Save,92.1,35.6,f24-4-2013-731820-eventdetails.xml
667,Germany,2,48,93.3,48.1,Save,98.6,48.0,f24-4-2013-731820-eventdetails.xml
668,Algeria,2,50,88.3,71.5,Save,89.3,70.2,f24-4-2013-731820-eventdetails.xml
669,Germany,2,54,77.1,41.5,Save,95.8,48.7,f24-4-2013-731820-eventdetails.xml
670,Germany,2,72,78.2,81.6,Save,99.1,53.1,f24-4-2013-731820-eventdetails.xml
671,Algeria,2,74,73.9,44.3,Save,95.4,49.6,f24-4-2013-731820-eventdetails.xml
672,Germany,2,79,91.8,51.3,Save,99.0,50,f24-4-2013-731820-eventdetails.xml
673,Germany,2,79,97.3,42.7,Save,99.4,46.0,f24-4-2013-731820-eventdetails.xml
674,Germany,2,85,73.0,47.0,Save,77.9,47.1,f24-4-2013-731820-eventdetails.xml
675,Germany,2,89,92.5,54.2,Save,99.3,49.5,f24-4-2013-731820-eventdetails.xml
676,Germany,3,94,85.2,40.8,Save,88.1,41.9,f24-4-2013-731820-eventdetails.xml
677,Germany,3,101,88.9,40.1,Save,90.2,41.0,f24-4-2013-731820-eventdetails.xml
678,Germany,4,116,93.5,31.0,Save,96.9,44.4,f24-4-2013-731820-eventdetails.xml
679,Germany,4,118,87.3,43.9,Save,95.6,50,f24-4-2013-731820-eventdetails.xml
680,Algeria,4,122,91.5,41.2,Save,98.5,47.5,f24-4-2013-731820-eventdetails.xml
681,Switzerland,1,27,87.5,47.0,Save,98.1,48.0,f24-4-2013-731821-eventdetails.xml
682,Switzerland,1,27,74.2,40.2,Save,98.9,47.8,f24-4-2013-731821-eventdetails.xml
683,Argentina,1,28,90.9,35.3,Save,98.9,47.5,f24-4-2013-731821-eventdetails.xml
684,Argentina,1,31,87.0,31.4,Save,88.1,32.3,f24-4-2013-731821-eventdetails.xml
685,Switzerland,1,38,85.1,65.2,Save,92.8,57.2,f24-4-2013-731821-eventdetails.xml
686,Argentina,1,40,90.2,29.1,Save,98.9,47.1,f24-4-2013-731821-eventdetails.xml
687,Argentina,2,46,95.0,56.1,Save,96.3,55.8,f24-4-2013-731821-eventdetails.xml
688,Argentina,2,46,73.5,62.7,Save,75.9,61.4,f24-4-2013-731821-eventdetails.xml
689,Switzerland,2,49,72.8,13.7,Save,99.3,48.0,f24-4-2013-731821-eventdetails.xml
690,Argentina,2,51,79.6,18.2,Save,81.4,20.6,f24-4-2013-731821-eventdetails.xml
691,Argentina,2,51,76.2,59.0,Save,85.6,52.9,f24-4-2013-731821-eventdetails.xml
692,Argentina,2,61,80.6,20.9,Save,83.4,24.7,f24-4-2013-731821-eventdetails.xml
693,Argentina,2,61,90.3,54.2,Save,98.4,50.2,f24-4-2013-731821-eventdetails.xml
694,Argentina,2,62,85.8,69.1,Save,87.2,68.1,f24-4-2013-731821-eventdetails.xml
695,Switzerland,2,68,74.4,82.2,Save,75.9,81.2,f24-4-2013-731821-eventdetails.xml
696,Argentina,2,77,87.3,59.2,Save,98.9,51.8,f24-4-2013-731821-eventdetails.xml
697,Argentina,2,83,83.0,65.8,Save,85.8,63.7,f24-4-2013-731821-eventdetails.xml
698,Argentina,2,89,94.6,36.9,Save,96.4,39.9,f24-4-2013-731821-eventdetails.xml
699,Argentina,3,91,96.7,46.0,Save,97.8,46.6,f24-4-2013-731821-eventdetails.xml
700,Argentina,3,93,89.0,43.1,Save,98.8,52.2,f24-4-2013-731821-eventdetails.xml
701,Switzerland,3,102,72.2,58.1,Save,78.4,56.3,f24-4-2013-731821-eventdetails.xml
702,Argentina,3,106,75.5,70.7,Save,80.6,67.7,f24-4-2013-731821-eventdetails.xml
703,Argentina,4,108,75.7,19.2,Save,99.3,46.0,f24-4-2013-731821-eventdetails.xml
704,Argentina,4,110,72.2,55.9,Save,74.9,54.7,f24-4-2013-731821-eventdetails.xml
705,Argentina,4,111,83.8,27.9,Save,91.4,37.2,f24-4-2013-731821-eventdetails.xml
706,Switzerland,4,124,81.3,50.0,Save,91.4,52.0,f24-4-2013-731821-eventdetails.xml
707,Belgium,1,0,91.3,31.3,Save,96.4,42.8,f24-4-2013-731822-eventdetails.xml
708,Belgium,1,1,77.2,61.2,Save,80.2,60.1,f24-4-2013-731822-eventdetails.xml
709,USA,1,20,85.3,50.3,Save,95.8,50,f24-4-2013-731822-eventdetails.xml
710,Belgium,1,25,73.6,42.2,Save,81.0,42.6,f24-4-2013-731822-eventdetails.xml
711,Belgium,1,28,73.2,63.7,Save,93.2,50.5,f24-4-2013-731822-eventdetails.xml
712,Belgium,1,29,86.8,69.7,Save,88.2,68.2,f24-4-2013-731822-eventdetails.xml
713,Belgium,1,35,78.3,57.8,Save,83.3,53.8,f24-4-2013-731822-eventdetails.xml
714,Belgium,1,45,75.0,53.0,Save,95.1,50.5,f24-4-2013-731822-eventdetails.xml
715,Belgium,2,46,90.1,38.9,Save,96.5,46.8,f24-4-2013-731822-eventdetails.xml
716,Belgium,2,49,76.1,27.9,Save,80.2,31.0,f24-4-2013-731822-eventdetails.xml
717,Belgium,2,56,95.0,70.6,Save,97.2,58.5,f24-4-2013-731822-eventdetails.xml
718,USA,2,57,89.9,35.2,Save,92.4,37.7,f24-4-2013-731822-eventdetails.xml
719,Belgium,2,62,77.6,55.1,Save,81.9,52.7,f24-4-2013-731822-eventdetails.xml
720,Belgium,2,63,74.3,64.0,Save,93.6,50.4,f24-4-2013-731822-eventdetails.xml
721,Belgium,2,64,76.5,28.0,Save,81.6,32.8,f24-4-2013-731822-eventdetails.xml
722,USA,2,70,75.9,34.0,Save,96.7,48.2,f24-4-2013-731822-eventdetails.xml
723,Belgium,2,70,87.6,35.8,Save,95.0,42.8,f24-4-2013-731822-eventdetails.xml
724,USA,2,73,72.6,51.2,Save,98.9,51.6,f24-4-2013-731822-eventdetails.xml
725,Belgium,2,75,87.6,62.6,Save,90.4,60.5,f24-4-2013-731822-eventdetails.xml
726,Belgium,2,78,86.6,64.0,Save,95.0,53.4,f24-4-2013-731822-eventdetails.xml
727,Belgium,2,82,89.7,32.5,Save,92.3,37.2,f24-4-2013-731822-eventdetails.xml
728,Belgium,2,84,77.7,51.9,Save,93.6,50.7,f24-4-2013-731822-eventdetails.xml
729,Belgium,2,89,89.3,55.2,Save,97.3,52.9,f24-4-2013-731822-eventdetails.xml
730,Belgium,3,95,85.0,56.1,Save,87.2,55.2,f24-4-2013-731822-eventdetails.xml
731,Belgium,3,96,89.4,70.2,Save,97.8,58.7,f24-4-2013-731822-eventdetails.xml
732,USA,3,99,78.1,41.2,Save,80.1,41.5,f24-4-2013-731822-eventdetails.xml
733,Belgium,3,100,89.2,68.2,Save,96.4,56.0,f24-4-2013-731822-eventdetails.xml
734,Belgium,3,103,87.3,32.8,Save,95.1,46.0,f24-4-2013-731822-eventdetails.xml
735,USA,3,104,72.6,42.7,Save,86.4,45.8,f24-4-2013-731822-eventdetails.xml
736,Belgium,4,110,91.5,61.2,Save,94.0,56.3,f24-4-2013-731822-eventdetails.xml
737,USA,4,112,75.9,34.0,Save,81.6,37.7,f24-4-2013-731822-eventdetails.xml
738,USA,4,113,91.7,53.0,Save,94.0,53.2,f24-4-2013-731822-eventdetails.xml
739,Colombia,1,10,79.6,29.7,Save,84.7,34.7,f24-4-2013-731823-eventdetails.xml
740,Brazil,1,19,91.5,66.8,Save,97.6,54.5,f24-4-2013-731823-eventdetails.xml
741,Brazil,1,19,77.2,42.1,Save,98.8,51.6,f24-4-2013-731823-eventdetails.xml
742,Brazil,1,19,71.8,53.4,Save,85.8,52.7,f24-4-2013-731823-eventdetails.xml
743,Brazil,1,27,92.6,66.8,Save,98.1,54.0,f24-4-2013-731823-eventdetails.xml
744,Colombia,1,29,72.6,60.3,Save,78.8,57.0,f24-4-2013-731823-eventdetails.xml
745,Colombia,1,36,81.7,44.5,Save,85.9,46.0,f24-4-2013-731823-eventdetails.xml
746,Colombia,2,61,88.2,56.0,Save,90.1,55.2,f24-4-2013-731823-eventdetails.xml
747,Colombia,2,74,79.1,71.8,Save,97.1,49.5,f24-4-2013-731823-eventdetails.xml
748,Colombia,2,88,77.4,59.6,Save,82.3,56.5,f24-4-2013-731823-eventdetails.xml
749,Germany,1,2,82.8,49.5,Save,85.6,49.1,f24-4-2013-731824-eventdetails.xml
750,Germany,1,29,92.6,45.2,Save,93.4,46.0,f24-4-2013-731824-eventdetails.xml
751,France,1,33,92.5,68.4,Save,98.0,54.3,f24-4-2013-731824-eventdetails.xml
752,France,1,33,95.8,51.3,Save,97.3,51.4,f24-4-2013-731824-eventdetails.xml
753,France,1,33,89.6,35.1,Save,91.4,36.3,f24-4-2013-731824-eventdetails.xml
754,Germany,1,40,88.0,54.2,Save,89.7,53.8,f24-4-2013-731824-eventdetails.xml
755,France,1,41,91.2,45.2,Save,93.4,46.4,f24-4-2013-731824-eventdetails.xml
756,France,1,43,85.9,68.0,Save,98.5,50.2,f24-4-2013-731824-eventdetails.xml
757,France,2,59,87.5,47.4,Save,98.4,46.6,f24-4-2013-731824-eventdetails.xml
758,Germany,2,72,89.7,25.4,Save,96.8,48.2,f24-4-2013-731824-eventdetails.xml
759,France,2,75,89.2,57.3,Save,91.0,56.5,f24-4-2013-731824-eventdetails.xml
760,France,2,76,96.0,67.8,Save,98.5,55.2,f24-4-2013-731824-eventdetails.xml
761,Germany,2,81,89.2,43.3,Save,97.3,48.4,f24-4-2013-731824-eventdetails.xml
762,Germany,2,87,87.4,44.9,Save,91.1,46.6,f24-4-2013-731824-eventdetails.xml
763,France,2,93,93.6,67.2,Save,98.6,53.2,f24-4-2013-731824-eventdetails.xml
764,Netherlands,1,20,89.1,61.5,Save,95.0,54.9,f24-4-2013-731825-eventdetails.xml
765,Netherlands,1,21,82.3,53.8,Save,96.9,50.2,f24-4-2013-731825-eventdetails.xml
766,Netherlands,1,28,90.5,69.0,Save,97.1,55.2,f24-4-2013-731825-eventdetails.xml
767,Netherlands,1,38,74.7,43.6,Save,98.4,51.4,f24-4-2013-731825-eventdetails.xml
768,Netherlands,2,83,93.7,29.5,Save,97.5,42.1,f24-4-2013-731825-eventdetails.xml
769,Netherlands,2,91,83.6,18.0,Save,98.9,46.6,f24-4-2013-731825-eventdetails.xml
770,Netherlands,2,92,93.0,34.2,Save,99.4,45.5,f24-4-2013-731825-eventdetails.xml
771,Netherlands,3,93,90.9,50.1,Save,98.4,51.8,f24-4-2013-731825-eventdetails.xml
772,Netherlands,3,101,85.6,34.5,Save,88.0,35.9,f24-4-2013-731825-eventdetails.xml
773,Netherlands,3,101,77.3,29.5,Save,81.4,32.7,f24-4-2013-731825-eventdetails.xml
774,Netherlands,3,102,79.5,29.7,Save,87.2,35.6,f24-4-2013-731825-eventdetails.xml
775,Netherlands,3,103,74.5,50.7,Save,75.6,50.7,f24-4-2013-731825-eventdetails.xml
776,Costa Rica,4,112,90.7,33.2,Save,91.4,34.1,f24-4-2013-731825-eventdetails.xml
777,Costa Rica,4,114,90.0,70.3,Save,91.1,68.6,f24-4-2013-731825-eventdetails.xml
778,Costa Rica,4,116,90.3,35.3,Save,97.7,44.8,f24-4-2013-731825-eventdetails.xml
779,Netherlands,4,116,87.4,31.2,Save,92.9,43.0,f24-4-2013-731825-eventdetails.xml
780,Netherlands,4,118,87.9,40.2,Save,90.8,43.0,f24-4-2013-731825-eventdetails.xml
781,Netherlands,4,120,77.4,33.8,Save,79.0,34.8,f24-4-2013-731825-eventdetails.xml
782,Costa Rica,5,121,88.5,50.1,Save,99.0,46.8,f24-4-2013-731825-eventdetails.xml
783,Costa Rica,5,126,88.5,50.0,Save,98.5,49.8,f24-4-2013-731825-eventdetails.xml
784,Argentina,1,3,81.0,25.8,Save,82.1,27.2,f24-4-2013-731826-eventdetails.xml
785,Argentina,1,5,71.9,43.1,Save,75.9,44.4,f24-4-2013-731826-eventdetails.xml
786,Argentina,1,12,84.3,71.2,Save,87.2,68.4,f24-4-2013-731826-eventdetails.xml
787,Belgium,1,25,72.8,46.3,Save,95.6,48.4,f24-4-2013-731826-eventdetails.xml
788,Argentina,1,27,84.8,35.7,Save,87.2,38.3,f24-4-2013-731826-eventdetails.xml
789,Argentina,2,50,88.0,70.7,Save,92.7,59.6,f24-4-2013-731826-eventdetails.xml
790,Belgium,2,73,69.4,54.8,Save,76.8,54.5,f24-4-2013-731826-eventdetails.xml
791,Belgium,2,76,73.4,41.0,Save,77.1,42.2,f24-4-2013-731826-eventdetails.xml
792,Belgium,2,84,79.5,36.6,Save,86.6,39.9,f24-4-2013-731826-eventdetails.xml
793,Argentina,2,93,82.8,48.2,Save,86.4,48.4,f24-4-2013-731826-eventdetails.xml
794,Germany,1,7,88.3,44.7,Save,92.0,45.7,f24-4-2013-731827-eventdetails.xml
795,Germany,1,20,80.3,34.5,Save,96.4,45.1,f24-4-2013-731827-eventdetails.xml
796,Germany,1,22,88.9,48.0,Save,95.2,48.0,f24-4-2013-731827-eventdetails.xml
797,Germany,1,31,81.2,47.0,Save,86.0,46.8,f24-4-2013-731827-eventdetails.xml
798,Brazil,1,41,88.2,68.8,Save,90.4,65.9,f24-4-2013-731827-eventdetails.xml
799,Brazil,2,46,88.1,66.7,Save,90.1,64.3,f24-4-2013-731827-eventdetails.xml
800,Brazil,2,50,76.4,25.3,Save,80.3,28.0,f24-4-2013-731827-eventdetails.xml
801,Brazil,2,51,90.0,43.1,Save,95.5,46.4,f24-4-2013-731827-eventdetails.xml
802,Brazil,2,52,74.6,42.3,Save,75.6,42.6,f24-4-2013-731827-eventdetails.xml
803,Brazil,2,52,89.9,65.8,Save,97.1,54.7,f24-4-2013-731827-eventdetails.xml
804,Brazil,2,52,94.6,63.9,Save,96.8,59.2,f24-4-2013-731827-eventdetails.xml
805,Brazil,2,58,78.9,48.5,Save,93.8,50.4,f24-4-2013-731827-eventdetails.xml
806,Germany,2,60,81.3,44.1,Save,97.3,51.8,f24-4-2013-731827-eventdetails.xml
807,Brazil,2,73,91.6,24.1,Save,98.9,45.8,f24-4-2013-731827-eventdetails.xml
808,Brazil,2,84,75.6,38.5,Save,99.0,47.1,f24-4-2013-731827-eventdetails.xml
809,Brazil,2,89,74.2,43.1,Save,82.1,46.8,f24-4-2013-731827-eventdetails.xml
810,Brazil,2,91,70.5,48.9,Save,97.8,48.6,f24-4-2013-731827-eventdetails.xml
811,Argentina,1,14,76.3,37.9,Save,98.6,49.1,f24-4-2013-731828-eventdetails.xml
812,Argentina,2,57,93.2,47.8,Save,93.7,48.0,f24-4-2013-731828-eventdetails.xml
813,Argentina,2,70,86.6,71.5,Save,87.9,68.8,f24-4-2013-731828-eventdetails.xml
814,Argentina,2,83,69.9,65.8,Save,96.7,50.9,f24-4-2013-731828-eventdetails.xml
815,Netherlands,2,90,95.3,59.1,Save,96.3,57.6,f24-4-2013-731828-eventdetails.xml
816,Netherlands,3,98,73.9,22.7,Save,97.3,46.2,f24-4-2013-731828-eventdetails.xml
817,Argentina,4,114,88.3,56.1,Save,92.1,53.2,f24-4-2013-731828-eventdetails.xml
818,Argentina,4,116,89.9,60.2,Save,98.5,54.2,f24-4-2013-731828-eventdetails.xml
819,Netherlands,4,119,85.2,46.0,Save,87.9,47.1,f24-4-2013-731828-eventdetails.xml
820,Netherlands,5,120,88.8,50.0,Save,99.4,48.7,f24-4-2013-731828-eventdetails.xml
821,Netherlands,5,123,88.6,50.0,Save,98.8,53.1,f24-4-2013-731828-eventdetails.xml
822,Brazil,1,20,75.1,52.4,Save,96.8,52.3,f24-4-2013-731829-eventdetails.xml
823,Brazil,1,22,77.6,35.7,Save,81.2,38.6,f24-4-2013-731829-eventdetails.xml
824,Brazil,1,36,72.3,34.2,Save,77.3,37.7,f24-4-2013-731829-eventdetails.xml
825,Netherlands,1,40,78.2,62.4,Save,95.4,49.5,f24-4-2013-731829-eventdetails.xml
826,Brazil,1,44,75.0,53.7,Save,87.9,54.2,f24-4-2013-731829-eventdetails.xml
827,Netherlands,2,49,89.4,67.9,Save,91.9,64.6,f24-4-2013-731829-eventdetails.xml
828,Brazil,2,62,73.8,49.7,Save,98.1,48.0,f24-4-2013-731829-eventdetails.xml
829,Germany,1,3,72.5,52.4,Save,84.2,52.7,f24-4-2013-731830-eventdetails.xml
830,Argentina,1,10,73.1,43.1,Save,76.8,44.2,f24-4-2013-731830-eventdetails.xml
831,Germany,1,42,81.3,53.4,Save,98.8,53.1,f24-4-2013-731830-eventdetails.xml
832,Germany,2,58,91.2,57.0,Save,98.8,54.2,f24-4-2013-731830-eventdetails.xml
833,Germany,2,90,71.7,50.7,Save,96.4,50,f24-4-2013-731830-eventdetails.xml
834,Germany,3,90,87.3,60.2,Save,99.1,53.8,f24-4-2013-731830-eventdetails.xml
835,Germany,3,90,86.4,45.8,Save,90.2,47.5,f24-4-2013-731830-eventdetails.xml
836,Brazil,1,10,6.1,49.1,Goal,100,47.8,f24-4-2013-731767-eventdetails.xml
837,Brazil,1,28,76.9,56.1,Goal,100,45.5,f24-4-2013-731767-eventdetails.xml
838,Brazil,2,70,88.5,50.0,Goal,100,54.0,f24-4-2013-731767-eventdetails.xml
839,Brazil,2,90,79.1,58.8,Goal,100,54.2,f24-4-2013-731767-eventdetails.xml
840,Spain,1,26,88.5,50.0,Goal,100,53.4,f24-4-2013-731769-eventdetails.xml
841,Netherlands,1,43,84.8,50.9,Goal,100,46.5,f24-4-2013-731769-eventdetails.xml
842,Netherlands,2,52,89.4,47.8,Goal,100,50.0,f24-4-2013-731769-eventdetails.xml
843,Netherlands,2,63,99.0,45.2,Goal,100,48.5,f24-4-2013-731769-eventdetails.xml
844,Netherlands,2,71,89.6,45.6,Goal,100,48.4,f24-4-2013-731769-eventdetails.xml
845,Netherlands,2,79,91.2,54.2,Goal,100,46.6,f24-4-2013-731769-eventdetails.xml
846,Uruguay,1,23,88.5,50.0,Goal,100,45.9,f24-4-2013-731773-eventdetails.xml
847,Costa Rica,2,53,89.4,59.0,Goal,100,48.9,f24-4-2013-731773-eventdetails.xml
848,Costa Rica,2,56,96.2,59.6,Goal,100,45.8,f24-4-2013-731773-eventdetails.xml
849,Costa Rica,2,83,93.9,30.3,Goal,100,52.1,f24-4-2013-731773-eventdetails.xml
850,Italy,1,34,74.6,42.7,Goal,100,54.5,f24-4-2013-731774-eventdetails.xml
851,England,1,36,96.0,45.0,Goal,100,46.5,f24-4-2013-731774-eventdetails.xml
852,Italy,2,49,96.7,56.4,Goal,100,53.6,f24-4-2013-731774-eventdetails.xml
853,Bosnia and Herzegovina,1,2,3.8,55.3,Goal,100,46.6,f24-4-2013-731777-eventdetails.xml
854,Argentina,2,64,82.5,51.5,Goal,100,53.6,f24-4-2013-731777-eventdetails.xml
855,Bosnia and Herzegovina,2,83,93.1,68.7,Goal,100,53.4,f24-4-2013-731777-eventdetails.xml
856,Germany,1,11,88.5,50.0,Goal,100,53.6,f24-4-2013-731779-eventdetails.xml
857,Germany,1,31,92.3,51.8,Goal,100,52.0,f24-4-2013-731779-eventdetails.xml
858,Germany,1,45,87.2,53.0,Goal,100,53.0,f24-4-2013-731779-eventdetails.xml
859,Germany,2,77,96.7,46.8,Goal,100,51.4,f24-4-2013-731779-eventdetails.xml
860,Algeria,1,24,88.5,50.0,Goal,100,48.5,f24-4-2013-731781-eventdetails.xml
861,Belgium,2,69,90.2,54.4,Goal,100,47.0,f24-4-2013-731781-eventdetails.xml
862,Belgium,2,79,88.0,33.2,Goal,100,46.5,f24-4-2013-731781-eventdetails.xml
863,Chile,1,19,92.4,49.9,Goal,100,53.1,f24-4-2013-731785-eventdetails.xml
864,Chile,1,42,86.9,43.1,Goal,100,46.9,f24-4-2013-731785-eventdetails.xml
865,Netherlands,1,19,90.3,63.9,Goal,100,48.5,f24-4-2013-731786-eventdetails.xml
866,Australia,1,20,88.2,64.9,Goal,100,50.5,f24-4-2013-731786-eventdetails.xml
867,Australia,2,53,88.5,50.0,Goal,100,53.6,f24-4-2013-731786-eventdetails.xml
868,Netherlands,2,57,88.8,61.5,Goal,100,51.7,f24-4-2013-731786-eventdetails.xml
869,Netherlands,2,67,70.9,55.5,Goal,100,45.9,f24-4-2013-731786-eventdetails.xml
870,Uruguay,1,38,93.0,45.7,Goal,100,54.3,f24-4-2013-731789-eventdetails.xml
871,England,2,74,96.7,53.4,Goal,100,52.1,f24-4-2013-731789-eventdetails.xml
872,Uruguay,2,84,91.7,32.2,Goal,100,49.6,f24-4-2013-731789-eventdetails.xml
873,Costa Rica,1,43,97.4,43.3,Goal,100,47.0,f24-4-2013-731790-eventdetails.xml
874,Argentina,2,90,73.3,28.3,Goal,100,54.4,f24-4-2013-731793-eventdetails.xml
875,Germany,2,50,93.6,54.0,Goal,100,53.2,f24-4-2013-731795-eventdetails.xml
876,Ghana,2,53,90.6,49.9,Goal,100,54.0,f24-4-2013-731795-eventdetails.xml
877,Ghana,2,62,89.7,38.0,Goal,100,53.8,f24-4-2013-731795-eventdetails.xml
878,Germany,2,70,97.1,47.0,Goal,100,45.9,f24-4-2013-731795-eventdetails.xml
879,Algeria,1,25,91.3,52.4,Goal,100,47.4,f24-4-2013-731798-eventdetails.xml
880,Algeria,1,27,95.4,51.3,Goal,100,52.5,f24-4-2013-731798-eventdetails.xml
881,Algeria,1,37,87.5,54.0,Goal,100,45.9,f24-4-2013-731798-eventdetails.xml
882,South Korea,2,49,92.6,63.9,Goal,100,51.8,f24-4-2013-731798-eventdetails.xml
883,Algeria,2,61,91.9,59.9,Goal,100,50.7,f24-4-2013-731798-eventdetails.xml
884,South Korea,2,71,96.7,50.6,Goal,100,47.9,f24-4-2013-731798-eventdetails.xml
885,Brazil,1,16,88.5,54.2,Goal,100,45.6,f24-4-2013-731799-eventdetails.xml
886,Cameroon,1,25,97.2,48.2,Goal,100,47.2,f24-4-2013-731799-eventdetails.xml
887,Brazil,1,33,84.8,54.3,Goal,100,50.7,f24-4-2013-731799-eventdetails.xml
888,Brazil,2,48,95.3,47.8,Goal,100,45.5,f24-4-2013-731799-eventdetails.xml
889,Brazil,2,83,88.9,61.4,Goal,100,46.2,f24-4-2013-731799-eventdetails.xml
890,Spain,1,35,94.9,46.4,Goal,100,50.1,f24-4-2013-731801-eventdetails.xml
891,Spain,2,68,91.2,66.0,Goal,100,46.5,f24-4-2013-731801-eventdetails.xml
892,Spain,2,81,96.4,36.7,Goal,100,51.2,f24-4-2013-731801-eventdetails.xml
893,Netherlands,2,76,92.9,52.6,Goal,100,45.8,f24-4-2013-731802-eventdetails.xml
894,Netherlands,2,91,95.5,48.0,Goal,100,46.0,f24-4-2013-731802-eventdetails.xml
895,Argentina,1,2,88.4,57.5,Goal,100,49.5,f24-4-2013-731809-eventdetails.xml
896,Nigeria,1,3,88.9,69.3,Goal,100,45.6,f24-4-2013-731809-eventdetails.xml
897,Argentina,1,45,72.7,38.6,Goal,100,46.0,f24-4-2013-731809-eventdetails.xml
898,Nigeria,2,46,87.5,57.9,Goal,100,53.0,f24-4-2013-731809-eventdetails.xml
899,Argentina,2,49,95.7,47.4,Goal,100,46.2,f24-4-2013-731809-eventdetails.xml
900,Germany,2,54,82.4,66.6,Goal,100,46.0,f24-4-2013-731811-eventdetails.xml
901,Russia,1,5,88.3,53.6,Goal,100,53.7,f24-4-2013-731814-eventdetails.xml
902,Algeria,2,59,95.2,46.4,Goal,100,46.3,f24-4-2013-731814-eventdetails.xml
903,Brazil,1,17,97.0,47.6,Goal,100,45.9,f24-4-2013-731815-eventdetails.xml
904,Chile,1,31,89.1,41.6,Goal,100,53.7,f24-4-2013-731815-eventdetails.xml
905,Brazil,5,120,88.6,50.0,Goal,100,53.6,f24-4-2013-731815-eventdetails.xml
906,Brazil,5,123,88.5,49.9,Goal,100,46.6,f24-4-2013-731815-eventdetails.xml
907,Chile,5,124,88.6,50.0,Goal,100,47.3,f24-4-2013-731815-eventdetails.xml
908,Chile,5,126,88.5,49.9,Goal,100,50.4,f24-4-2013-731815-eventdetails.xml
909,Brazil,5,126,88.5,50.0,Goal,100,53.7,f24-4-2013-731815-eventdetails.xml
910,Mexico,2,47,74.3,53.3,Goal,100,45.7,f24-4-2013-731817-eventdetails.xml
911,Netherlands,2,87,85.0,53.8,Goal,100,53.6,f24-4-2013-731817-eventdetails.xml
912,Netherlands,2,93,88.5,50.0,Goal,100,54.1,f24-4-2013-731817-eventdetails.xml
913,Costa Rica,2,51,81.2,53.4,Goal,100,45.9,f24-4-2013-731818-eventdetails.xml
914,Greece,2,90,91.7,49.1,Goal,100,47.1,f24-4-2013-731818-eventdetails.xml
915,Costa Rica,5,121,88.5,49.9,Goal,100,50.4,f24-4-2013-731818-eventdetails.xml
916,Greece,5,122,88.8,49.9,Goal,100,54.5,f24-4-2013-731818-eventdetails.xml
917,Costa Rica,5,123,88.5,49.9,Goal,100,48.1,f24-4-2013-731818-eventdetails.xml
918,Greece,5,123,88.5,50.0,Goal,100,46.3,f24-4-2013-731818-eventdetails.xml
919,Costa Rica,5,124,88.6,49.9,Goal,100,50.7,f24-4-2013-731818-eventdetails.xml
920,Greece,5,125,88.5,49.7,Goal,100,45.5,f24-4-2013-731818-eventdetails.xml
921,Costa Rica,5,126,88.5,50.0,Goal,100,52.1,f24-4-2013-731818-eventdetails.xml
922,Costa Rica,5,128,88.6,49.9,Goal,100,53.3,f24-4-2013-731818-eventdetails.xml
923,Germany,3,91,94.0,52.0,Goal,100,47.8,f24-4-2013-731820-eventdetails.xml
924,Germany,4,118,95.5,64.5,Goal,100,49.7,f24-4-2013-731820-eventdetails.xml
925,Algeria,4,120,95.6,56.1,Goal,100,46.3,f24-4-2013-731820-eventdetails.xml
926,Argentina,4,117,86.6,33.9,Goal,100,54.5,f24-4-2013-731821-eventdetails.xml
927,Belgium,3,92,92.9,35.1,Goal,100,53.7,f24-4-2013-731822-eventdetails.xml
928,Belgium,3,104,89.5,61.6,Goal,100,53.9,f24-4-2013-731822-eventdetails.xml
929,USA,4,106,89.0,50.9,Goal,100,45.6,f24-4-2013-731822-eventdetails.xml
930,Brazil,1,6,96.2,46.0,Goal,100,46.3,f24-4-2013-731823-eventdetails.xml
931,Brazil,2,67,70.4,54.4,Goal,100,45.9,f24-4-2013-731823-eventdetails.xml
932,Colombia,2,79,88.5,50.0,Goal,100,53.4,f24-4-2013-731823-eventdetails.xml
933,Germany,1,11,91.3,49.1,Goal,100,46.4,f24-4-2013-731824-eventdetails.xml
934,Costa Rica,5,120,88.4,50.1,Goal,100,46.8,f24-4-2013-731825-eventdetails.xml
935,Netherlands,5,121,88.3,50.1,Goal,100,45.5,f24-4-2013-731825-eventdetails.xml
936,Netherlands,5,122,88.5,50.0,Goal,100,53.4,f24-4-2013-731825-eventdetails.xml
937,Costa Rica,5,123,88.5,50.0,Goal,100,46.3,f24-4-2013-731825-eventdetails.xml
938,Netherlands,5,124,88.4,50.1,Goal,100,53.0,f24-4-2013-731825-eventdetails.xml
939,Costa Rica,5,125,88.5,50.1,Goal,100,54.1,f24-4-2013-731825-eventdetails.xml
940,Netherlands,5,125,88.4,50.0,Goal,100,54.5,f24-4-2013-731825-eventdetails.xml
941,Argentina,1,7,84.8,39.4,Goal,100,54.3,f24-4-2013-731826-eventdetails.xml
942,Germany,1,10,92.5,56.3,Goal,100,49.7,f24-4-2013-731827-eventdetails.xml
943,Germany,1,22,91.9,45.0,Goal,100,47.0,f24-4-2013-731827-eventdetails.xml
944,Germany,1,23,84.6,59.0,Goal,100,53.4,f24-4-2013-731827-eventdetails.xml
945,Germany,1,25,90.5,48.0,Goal,100,52.6,f24-4-2013-731827-eventdetails.xml
946,Germany,1,28,86.9,52.6,Goal,100,53.2,f24-4-2013-731827-eventdetails.xml
947,Germany,2,68,91.3,46.7,Goal,100,47.9,f24-4-2013-731827-eventdetails.xml
948,Germany,2,78,92.7,69.3,Goal,100,53.0,f24-4-2013-731827-eventdetails.xml
949,Brazil,2,89,87.3,52.2,Goal,100,52.1,f24-4-2013-731827-eventdetails.xml
950,Argentina,5,121,88.5,50.0,Goal,100,52.6,f24-4-2013-731828-eventdetails.xml
951,Netherlands,5,122,88.5,50.0,Goal,100,46.0,f24-4-2013-731828-eventdetails.xml
952,Argentina,5,122,88.5,50.0,Goal,100,49.0,f24-4-2013-731828-eventdetails.xml
953,Argentina,5,124,88.6,49.9,Goal,100,53.9,f24-4-2013-731828-eventdetails.xml
954,Netherlands,5,124,88.5,49.9,Goal,100,46.9,f24-4-2013-731828-eventdetails.xml
955,Argentina,5,125,88.5,49.9,Goal,100,51.5,f24-4-2013-731828-eventdetails.xml
956,Netherlands,1,2,88.5,50.0,Goal,100,45.6,f24-4-2013-731829-eventdetails.xml
957,Netherlands,1,15,88.5,51.8,Goal,100,46.6,f24-4-2013-731829-eventdetails.xml
958,Netherlands,2,90,91.0,44.3,Goal,100,45.9,f24-4-2013-731829-eventdetails.xml
959,Germany,4,112,96.4,60.2,Goal,100,46.1,f24-4-2013-731830-eventdetails.xml
